code,year,GDP_growth_WB,openness_WB,investments,years_schooling,savings,gini,price_level_investment_PWT,gov_consumption_WB,inflation_WB,fertility_WB,GDP_PC
AFG,2007,1,0,1,0,1,0,0,0,1,1,0
AFG,2008,1,0,0,0,0,0,0,0,1,1,0
AFG,2009,1,0,1,0,1,0,0,0,0,1,0
AFG,2010,1,0,1,0,0,0,0,0,0,1,0
ALB,1996,1,0,0,1,1,0,0,0,1,1,0
ALB,1997,0,0,0,1,0,0,0,0,1,1,0
ALB,1998,1,0,0,1,1,0,0,0,1,1,0
ALB,1999,1,0,1,1,1,0,0,0,0,1,0
ALB,2000,1,0,1,1,1,0,1,0,0,1,0
ALB,2001,1,0,1,1,1,0,1,0,0,1,0
ALB,2002,1,0,1,1,1,0,1,0,1,0,0
ALB,2003,1,0,1,1,1,0,1,0,0,0,0
ALB,2004,1,0,1,1,1,0,1,0,0,0,0
ALB,2005,1,0,1,1,1,0,1,0,0,0,0
ALB,2006,1,0,1,1,1,0,0,0,0,0,0
ALB,2007,1,1,1,1,1,0,0,0,0,0,0
ALB,2008,1,1,1,1,0,0,0,0,0,0,0
ARM,1994,1,1,1,1,0,0,0,0,1,0,0
ARM,1995,1,1,0,1,0,1,0,0,1,0,0
ARM,1996,1,1,0,1,0,1,0,0,1,0,0
ARM,1997,0,1,0,1,0,1,0,0,1,0,0
ARM,1998,1,1,0,1,0,0,0,0,1,0,0
ARM,1999,0,1,0,1,0,0,0,0,0,0,0
ARM,2000,1,1,0,1,0,0,0,0,0,0,0
ARM,2001,1,0,0,1,0,0,0,0,0,0,0
ARM,2002,1,1,0,1,0,0,0,0,0,0,0
ARM,2003,1,1,1,1,0,1,0,0,1,0,0
ARM,2004,1,0,1,1,1,1,0,0,1,0,0
ARM,2005,1,0,1,1,1,1,1,0,0,0,0
ARM,2006,1,0,1,1,1,1,1,0,0,0,0
ARM,2007,1,0,1,1,1,0,1,0,0,0,0
ARM,2008,1,0,1,1,1,0,1,0,1,0,0
ARM,2009,0,0,1,1,0,0,1,0,1,0,0
ARM,2010,0,0,1,1,0,0,1,0,1,0,0
AUS,1961,0,0,0,0,0,0,0,0,0,0,0
AUS,1962,0,0,0,0,0,0,0,0,0,0,0
AUS,1963,0,0,0,0,0,0,0,0,0,0,0
AUS,1964,0,0,0,0,0,0,0,0,0,0,0
AUS,1965,0,0,1,1,1,1,1,1,1,0,1
AUS,1966,0,0,1,1,1,1,0,0,0,1,0
AUS,1967,1,0,1,1,1,1,0,0,0,1,0
AUS,1968,0,0,1,1,1,0,0,1,0,0,1
AUS,1969,1,0,1,1,1,0,0,1,0,1,1
AUS,1970,1,0,1,1,1,0,1,0,0,1,1
AUS,1971,1,0,1,1,1,0,1,0,1,1,1
AUS,1972,0,0,1,1,1,0,1,0,1,1,1
AUS,1973,0,0,1,1,1,0,1,1,0,1,1
AUS,1974,1,0,1,1,1,0,1,0,0,1,1
AUS,1975,0,0,1,1,1,0,1,1,1,0,1
AUS,1976,0,0,1,1,1,0,1,1,1,0,1
AUS,1977,0,0,1,1,0,0,1,1,1,0,1
AUS,1978,0,0,1,1,0,0,1,1,0,0,1
AUS,1979,0,0,1,1,0,0,1,1,0,0,1
AUS,1980,0,0,1,1,1,0,1,1,0,0,1
AUS,1981,1,0,1,1,1,0,1,1,0,0,1
AUS,1982,1,0,1,1,0,0,1,1,1,0,1
AUS,1983,0,0,1,1,0,0,1,1,1,0,1
AUS,1984,1,0,1,1,1,0,1,1,0,0,1
AUS,1985,1,0,1,1,0,0,1,1,1,0,1
AUS,1986,1,0,1,1,0,0,1,1,1,0,1
AUS,1987,0,0,1,1,0,0,1,1,1,0,1
AUS,1988,1,0,1,1,1,0,1,1,0,0,1
AUS,1989,0,0,1,1,1,0,1,1,0,0,1
AUS,1990,0,0,1,1,0,0,1,1,0,0,1
AUS,1991,0,0,1,1,0,0,1,1,0,0,1
AUS,1992,0,0,1,1,0,0,1,1,0,0,1
AUS,1993,1,0,1,1,0,0,1,1,0,0,1
AUS,1994,1,0,1,1,0,0,1,1,0,0,1
AUS,1995,0,0,1,1,0,0,1,1,0,0,1
AUS,1996,0,0,1,1,0,0,1,1,0,0,1
AUS,1997,0,0,1,1,0,0,1,1,0,0,1
AUS,1998,1,0,1,1,0,0,1,1,0,0,1
AUS,1999,1,0,1,1,0,0,1,1,0,0,1
AUS,2000,0,0,1,1,0,0,1,1,1,0,1
AUS,2001,0,0,1,1,0,0,1,1,1,0,1
AUS,2002,1,0,1,1,0,0,1,1,0,0,1
AUS,2003,0,0,1,1,0,0,1,1,0,0,1
AUS,2004,0,0,1,1,0,0,1,1,0,0,1
AUS,2005,0,0,1,1,0,0,1,1,0,0,1
AUS,2006,0,0,1,1,0,0,1,1,0,0,1
AUS,2007,0,0,1,1,0,0,1,1,0,0,1
AUS,2008,1,0,1,1,0,0,1,1,0,0,1
AUS,2009,1,0,1,1,1,0,1,1,0,0,1
AUS,2010,0,0,1,1,1,0,1,1,0,0,1
AUT,1970,1,1,1,1,1,0,0,1,0,0,1
AUT,1971,1,1,1,1,1,0,0,1,0,0,1
AUT,1982,1,1,1,1,1,0,0,1,0,0,1
AUT,1983,1,1,1,1,0,0,0,1,0,0,1
AUT,1984,0,1,1,1,1,0,0,1,0,0,1
AUT,1985,0,1,1,1,0,0,1,1,0,0,1
AUT,1986,0,1,1,1,1,0,1,1,0,0,1
AUT,1987,0,1,1,1,1,0,1,1,0,0,1
AUT,1988,0,1,1,1,1,0,1,1,0,0,1
AUT,1989,0,1,1,1,1,0,1,1,0,0,1
AUT,1990,1,1,1,1,1,0,1,1,0,0,1
AUT,1991,1,1,1,1,1,0,1,1,0,0,1
AUT,1992,1,1,1,1,1,0,1,1,0,0,1
AUT,1993,0,1,1,1,1,0,1,1,0,0,1
AUT,1994,0,1,1,1,0,0,1,1,0,0,1
AUT,1995,0,1,1,1,1,0,1,1,0,0,1
AUT,1996,0,1,1,1,1,0,1,1,0,0,1
AUT,1997,0,1,1,1,1,0,1,1,0,0,1
AUT,1998,0,1,1,1,1,0,1,1,0,0,1
AUT,1999,1,1,1,1,1,0,1,1,0,0,1
AUT,2000,0,1,1,1,1,0,1,1,0,0,1
AUT,2001,0,1,1,1,1,0,1,1,0,0,1
AUT,2002,0,1,1,1,1,0,1,1,0,0,1
AUT,2003,0,1,1,1,1,0,1,1,0,0,1
AUT,2004,0,1,1,1,1,0,1,1,0,0,1
AUT,2005,0,1,1,1,1,0,1,1,0,0,1
AUT,2006,0,1,1,1,1,0,1,1,0,0,1
AUT,2007,0,1,1,1,1,0,1,1,0,0,1
AUT,2008,0,1,0,1,1,0,1,1,0,0,1
AUT,2009,0,1,1,1,1,0,1,1,0,0,1
AUT,2010,0,1,1,0,1,0,1,1,0,0,1
BDI,1992,0,0,1,0,0,0,1,1,0,1,0
BDI,1993,0,0,1,0,0,0,1,1,1,1,0
BDI,1994,0,0,0,0,0,0,1,1,1,1,0
BDI,1995,0,0,0,0,0,0,1,1,1,1,0
BDI,1996,0,0,0,0,0,0,1,1,1,1,0
BDI,1997,0,0,0,0,0,0,1,1,1,1,0
BDI,1998,1,0,0,0,0,1,1,1,1,1,0
BDI,1999,0,0,0,0,0,0,1,1,1,1,0
BDI,2000,0,0,0,0,0,0,1,1,1,1,0
BDI,2001,0,0,0,0,0,0,0,0,1,1,0
BDI,2002,1,0,0,0,0,0,0,0,0,1,0
BDI,2003,0,0,0,0,0,0,0,1,1,1,0
BDI,2004,0,0,0,0,0,0,0,1,1,1,0
BDI,2005,0,0,0,0,0,0,0,1,1,1,0
BDI,2006,1,0,0,0,0,0,0,1,0,1,0
BEL,1972,0,1,1,1,1,0,1,1,0,0,1
BEL,1973,0,1,1,1,0,0,1,1,0,0,1
BEL,1974,1,1,1,1,0,0,1,1,0,0,1
BEL,1975,0,1,1,1,0,0,1,1,1,0,1
BEL,1976,1,1,1,1,0,0,1,1,0,0,1
BEL,1977,0,1,1,1,0,0,1,1,0,0,1
BEL,1978,0,1,1,1,0,0,1,1,0,0,1
BEL,1979,0,1,1,1,0,0,1,1,0,0,1
BEL,1980,1,1,1,1,0,0,1,1,0,0,1
BEL,1981,0,1,0,1,0,0,1,1,0,0,1
BEL,1982,0,1,0,1,0,0,1,1,0,0,1
BEL,1983,0,1,0,1,0,0,0,1,0,0,1
BEL,1984,0,1,0,1,0,0,0,1,0,0,1
BEL,1985,0,1,0,1,0,0,1,1,0,0,1
BEL,1986,0,1,0,1,0,0,1,1,0,0,1
BEL,1987,0,1,0,1,0,0,1,1,0,0,1
BEL,1988,1,1,0,1,0,0,1,1,0,0,1
BEL,1989,0,1,1,1,0,0,1,1,0,0,1
BEL,1990,0,1,1,1,0,0,1,1,0,0,1
BEL,1991,0,1,1,1,0,0,1,1,0,0,1
BEL,1992,0,1,1,1,0,0,1,1,0,0,1
BEL,1993,0,1,1,1,1,0,1,1,0,0,1
BEL,1994,0,1,0,1,1,0,1,1,0,0,1
BEL,1995,0,1,0,1,0,0,1,1,0,0,1
BEL,1996,0,1,0,1,1,0,1,1,0,0,1
BEL,1997,0,1,1,1,1,0,1,1,0,0,1
BEL,1998,0,1,0,1,1,0,1,1,0,0,1
BEL,1999,1,1,1,1,1,0,1,1,0,0,1
BEL,2000,0,1,1,1,1,0,1,1,0,0,1
BEL,2001,0,1,1,1,0,0,1,1,0,0,1
BEL,2002,0,1,0,1,1,0,1,1,0,0,1
BEL,2003,0,1,0,1,1,0,1,1,0,0,1
BEL,2004,0,1,1,1,1,0,1,1,0,0,1
BEL,2005,0,1,1,1,1,0,1,1,0,0,1
BEL,2006,0,1,1,1,1,0,1,1,0,0,1
BEL,2007,0,1,0,1,1,0,1,1,0,0,1
BEL,2008,0,1,1,1,1,0,1,1,0,0,1
BEL,2009,0,1,1,1,0,0,1,1,0,0,1
BEL,2010,0,1,1,1,1,0,1,1,0,0,1
BEN,2003,0,0,0,0,0,0,0,0,0,1,0
BEN,2004,0,0,0,0,0,0,0,0,0,1,0
BEN,2005,0,0,0,0,0,0,0,0,1,1,0
BEN,2006,0,0,0,0,0,0,0,0,0,1,0
BGD,1987,1,0,0,0,0,0,0,0,1,1,0
BGD,1988,0,0,0,0,0,0,1,0,0,1,0
BGD,1989,0,0,0,0,0,0,0,0,0,1,0
BGD,1990,1,0,0,0,0,0,1,0,0,1,0
BGD,1991,1,0,0,0,1,0,0,0,0,1,0
BGD,1992,1,0,0,0,1,0,0,0,0,1,0
BGD,1993,1,0,0,0,1,0,0,0,0,1,0
BGD,1994,1,0,0,0,1,1,0,0,0,1,0
BGD,1995,1,0,0,0,1,1,0,0,1,1,0
BGD,1996,1,0,0,0,1,0,0,0,0,1,0
BGD,1997,1,0,0,0,1,1,0,0,0,1,0
BGD,1998,1,0,1,0,1,1,0,0,1,1,0
BGD,1999,1,0,1,0,1,1,0,0,1,1,0
BGD,2000,1,0,1,0,1,0,1,0,0,1,0
BGD,2001,1,0,1,0,1,1,0,0,0,1,0
BGD,2002,1,0,1,0,1,1,0,0,1,1,0
BGD,2003,1,0,1,0,1,1,0,0,1,1,0
BGD,2004,1,0,1,0,1,1,0,0,1,1,0
BGD,2005,1,0,1,0,1,0,0,0,1,1,0
BGD,2006,1,0,1,0,1,1,0,0,1,1,0
BGD,2007,1,0,1,0,1,1,0,0,1,1,0
BGD,2008,1,0,1,0,1,1,0,0,1,1,0
BGD,2009,1,0,1,0,1,1,0,0,1,1,0
BGD,2010,1,0,1,0,1,1,0,0,1,1,0
BGR,1986,1,1,1,1,1,0,1,1,0,0,1
BGR,1987,1,1,1,1,1,0,1,1,0,0,1
BGR,1988,1,1,1,1,1,0,1,1,0,0,1
BGR,1989,0,1,1,1,1,0,1,1,0,0,1
BGR,1990,0,1,0,1,1,0,0,1,1,0,1
BGR,1991,0,1,0,1,0,0,0,1,1,0,1
BGR,1992,0,1,0,1,0,0,0,1,1,0,1
BGR,1993,0,1,0,1,0,0,0,1,1,0,0
BGR,1994,0,1,0,1,0,0,0,1,1,0,0
BGR,1995,0,1,0,1,0,0,0,1,1,0,0
BGR,1996,0,1,0,1,0,0,0,0,1,0,0
BGR,1997,0,1,0,1,1,0,0,0,1,0,0
BGR,1998,0,1,0,1,1,0,0,0,1,0,0
BGR,1999,0,1,0,1,0,0,0,1,0,0,1
BGR,2000,1,1,0,1,0,0,0,1,1,0,1
BGR,2001,1,1,0,1,0,0,0,1,1,0,1
BGR,2002,1,1,0,1,0,0,0,1,1,0,1
BGR,2003,1,1,1,1,0,0,0,1,0,0,1
BGR,2004,1,1,1,1,0,0,0,1,1,0,1
BGR,2005,1,1,1,1,0,0,0,1,1,0,1
BGR,2006,1,1,1,1,0,0,0,1,1,0,1
BGR,2007,1,1,1,1,0,0,1,1,1,0,1
BGR,2008,1,1,1,1,0,0,1,1,1,0,1
BGR,2009,0,1,1,1,1,0,1,0,0,0,0
BGR,2010,0,1,1,1,1,1,0,0,0,0,0
BLZ,1993,1,1,1,1,1,1,0,0,0,1,1
BLZ,1994,0,1,0,1,0,1,0,1,0,1,0
BLZ,1995,0,1,0,1,1,1,0,0,0,1,1
BLZ,1996,0,1,0,1,0,1,0,1,0,1,1
BLZ,1997,0,1,0,1,0,1,0,1,0,1,1
BLZ,1998,0,1,0,1,0,1,0,0,0,1,1
BLZ,1999,1,1,1,1,0,1,0,0,0,1,1
BOL,1984,0,0,0,0,0,1,1,0,1,1,0
BOL,1985,0,0,0,0,0,1,1,0,1,1,0
BOL,1986,0,0,0,0,0,1,0,0,1,1,0
BOL,1987,0,0,0,0,0,1,0,0,1,1,0
BOL,1988,0,0,0,1,0,1,0,0,1,1,0
BOL,1989,0,0,0,1,0,1,0,0,1,1,0
BOL,1990,1,0,0,1,0,1,0,0,1,1,0
BOL,1991,1,0,0,1,0,1,0,0,1,1,0
BOL,1992,0,0,0,1,0,1,0,0,1,1,0
BOL,1993,1,0,0,0,0,1,0,0,1,1,0
BOL,1994,1,0,0,0,0,1,0,0,0,1,0
BOL,1995,1,0,0,0,0,1,0,0,1,1,0
BOL,1996,1,0,0,0,0,1,0,0,1,1,0
BOL,1997,1,0,0,0,0,1,0,0,0,1,0
BOL,1998,1,0,1,0,0,1,0,0,1,1,0
BOL,1999,0,0,0,0,0,1,1,0,0,1,0
BOL,2000,0,0,0,1,0,1,1,0,1,1,0
BOL,2001,0,0,0,0,0,1,1,1,0,1,0
BOL,2002,0,0,0,0,0,1,0,1,0,1,0
BOL,2003,0,0,0,0,0,1,0,1,0,1,0
BOL,2004,0,0,0,0,0,1,0,1,1,1,0
BOL,2005,1,0,0,0,1,1,0,0,1,1,0
BOL,2006,0,0,0,0,1,1,0,0,0,1,0
BOL,2007,0,0,0,0,1,1,0,0,1,1,0
BOL,2008,1,1,0,0,1,1,0,0,1,1,0
BOL,2009,1,0,0,0,1,1,0,0,1,1,0
BOL,2010,1,1,0,0,1,1,0,0,0,1,0
BRA,1981,0,0,0,0,1,1,0,0,1,1,0
BRA,1982,0,0,0,0,0,1,0,0,1,1,0
BRA,1983,0,0,0,0,0,1,0,0,1,1,0
BRA,1984,1,0,0,0,0,1,0,0,1,1,0
BRA,1985,1,0,0,0,1,1,0,0,1,1,0
BRA,1986,1,0,0,0,0,1,0,0,1,1,0
BRA,1987,0,0,0,0,1,1,0,0,1,0,0
BRA,1988,0,0,0,0,1,1,0,0,1,0,0
BRA,1989,0,0,1,0,1,1,1,0,1,0,0
BRA,1990,0,0,0,0,1,1,0,1,1,0,0
BRA,1991,0,0,0,0,1,1,0,1,1,0,1
BRA,1992,0,0,0,0,1,1,0,1,1,0,0
BRA,1993,1,0,0,0,1,1,0,1,1,0,1
BRA,1994,1,0,1,0,1,1,0,1,1,0,1
BRA,1995,1,0,0,0,0,1,1,1,1,0,1
BRA,1996,0,0,0,0,0,1,1,1,1,0,1
BRA,1997,0,0,0,0,0,1,1,1,1,0,1
BRA,1998,0,0,0,0,0,1,1,1,0,0,1
BRA,1999,0,0,0,0,0,1,0,1,1,1,1
BRA,2000,1,0,0,0,0,1,1,1,1,0,1
BRA,2001,0,0,0,0,0,1,0,1,1,1,1
BRA,2002,0,0,0,0,0,1,0,1,1,1,1
BRA,2003,0,0,0,0,0,1,0,1,1,1,1
BRA,2004,1,0,0,0,1,1,0,1,1,0,1
BRA,2005,0,0,0,0,0,1,1,1,1,0,1
BRA,2006,0,0,0,0,0,1,1,1,0,0,1
BRA,2007,1,0,0,0,0,1,1,1,0,0,1
BRA,2008,1,0,0,0,0,1,1,1,0,0,1
BRA,2009,1,0,0,0,0,1,1,1,1,0,0
BRA,2010,1,0,0,0,1,1,1,1,1,0,0
BRB,1981,0,1,0,1,0,0,0,0,1,0,1
BRB,1996,0,1,0,1,0,0,0,0,0,0,1
BRB,1997,1,1,0,1,0,1,0,0,1,0,1
BRB,1998,0,1,0,1,0,1,0,0,0,0,1
BRB,1999,0,1,0,1,0,1,0,0,0,0,1
BRB,2000,1,1,0,1,0,1,0,0,0,0,1
BRB,2001,0,1,0,1,0,1,0,0,0,0,1
BRB,2002,0,1,0,1,0,1,0,0,0,0,1
BRB,2003,0,1,0,1,0,1,0,1,0,0,1
BRB,2004,0,1,0,1,0,1,0,1,0,0,1
BRB,2005,0,1,0,1,0,1,0,1,1,0,1
BRB,2006,1,1,0,1,0,1,0,0,1,0,1
BRB,2007,0,1,0,1,0,1,0,1,0,0,1
BRB,2008,0,1,0,0,0,1,0,1,1,0,1
BRB,2009,0,1,0,0,0,1,0,1,1,0,1
BRB,2010,0,1,0,0,0,1,0,1,1,0,1
BWA,1975,1,1,1,0,1,1,0,1,1,1,0
BWA,1985,1,1,0,0,1,1,0,1,1,1,0
BWA,1986,1,1,1,0,1,1,0,1,1,1,0
BWA,1987,1,1,0,0,1,1,0,1,1,1,0
BWA,1988,1,1,1,0,1,1,0,1,1,1,0
BWA,1989,1,1,1,0,1,1,0,1,1,1,0
BWA,1990,1,1,1,0,1,1,0,1,1,1,0
BWA,1991,1,1,1,0,1,1,0,1,1,1,1
BWA,1992,1,1,1,1,1,1,0,1,1,1,1
BWA,1993,0,1,1,1,1,1,0,1,1,1,1
BWA,1994,0,1,1,1,1,1,0,1,1,1,1
BWA,1995,1,1,1,1,1,1,0,1,1,1,1
BWA,1996,1,1,1,1,1,1,0,1,1,1,1
BWA,1997,1,1,1,1,1,1,0,1,1,1,1
BWA,1998,0,1,1,1,1,1,0,1,1,1,1
BWA,1999,1,1,1,1,1,1,0,1,1,1,1
BWA,2000,0,1,1,1,1,1,0,1,1,1,1
BWA,2001,0,1,1,1,1,1,0,1,1,1,1
BWA,2002,1,1,1,1,1,1,0,1,1,1,1
BWA,2003,1,1,1,1,1,1,0,1,1,1,1
BWA,2004,0,1,1,1,1,1,0,1,1,1,1
BWA,2005,1,1,1,1,1,1,0,1,1,1,1
CAF,1992,0,0,0,0,0,1,1,1,0,1,0
CAF,1993,0,0,0,0,0,1,1,0,0,1,0
CAF,1994,1,0,0,0,0,1,1,1,1,1,0
CAF,1995,1,0,0,0,0,1,1,0,1,1,0
CAF,1996,0,0,0,0,0,1,1,0,0,1,0
CAF,1997,1,0,0,0,0,1,1,0,0,1,0
CAF,1998,1,0,0,0,0,1,1,0,0,1,0
CAF,1999,1,0,0,0,0,1,1,1,0,1,0
CAF,2000,0,0,0,0,0,1,1,1,0,1,0
CAF,2001,1,0,0,0,0,1,1,0,0,1,0
CAF,2002,1,0,0,0,0,1,1,0,0,1,0
CAF,2003,0,0,0,0,0,1,1,0,1,1,0
CAF,2004,1,0,0,0,0,1,1,0,0,1,0
CAF,2005,0,0,0,0,0,1,1,0,0,1,0
CAF,2006,0,0,0,0,0,1,1,0,1,1,0
CAF,2007,0,0,0,0,0,1,1,0,0,1,0
CAF,2008,0,0,0,0,0,1,1,0,1,1,0
CAN,1965,1,1,0,1,1,0,1,1,0,1,1
CAN,1966,1,1,0,0,0,0,1,1,1,0,1
CAN,1967,0,1,0,0,0,0,1,1,1,0,1
CAN,1968,1,1,0,1,0,0,1,1,1,0,1
CAN,1969,0,1,1,1,1,1,1,1,1,0,1
CAN,1970,0,1,0,1,0,0,1,1,0,0,1
CAN,1971,1,1,0,1,1,1,1,1,0,0,1
CAN,1972,0,1,0,1,0,0,1,1,0,0,1
CAN,1973,1,0,0,1,0,0,1,1,0,0,1
CAN,1974,0,0,0,1,0,0,1,1,0,0,1
CAN,1975,0,0,0,1,0,0,1,1,0,0,1
CAN,1976,1,0,1,1,0,0,1,1,0,0,1
CAN,1977,0,0,0,1,0,0,1,1,0,0,1
CAN,1978,0,1,0,1,0,0,1,1,0,0,1
CAN,1979,0,1,0,1,0,0,1,1,0,0,1
CAN,1980,0,0,0,1,0,0,1,1,0,0,1
CAN,1981,1,0,0,1,0,0,1,1,0,0,1
CAN,1982,0,0,0,1,0,0,1,1,0,0,1
CAN,1983,0,0,0,1,0,0,1,1,0,0,1
CAN,1984,1,0,0,1,0,0,1,1,0,0,1
CAN,1985,1,0,0,1,0,0,1,1,0,0,1
CAN,1986,0,1,1,1,0,0,1,1,0,0,1
CAN,1987,1,0,0,1,0,0,1,1,0,0,1
CAN,1988,1,0,1,1,0,0,1,1,0,0,1
CAN,1989,0,0,1,1,0,0,1,1,0,0,1
CAN,1990,0,0,0,1,0,0,1,1,0,0,1
CAN,1991,0,0,0,1,0,0,1,1,0,0,1
CAN,1992,0,0,0,1,0,0,1,1,0,0,1
CAN,1993,0,1,0,1,0,0,1,1,0,0,1
CAN,1994,1,0,0,1,0,0,1,1,0,0,1
CAN,1995,0,1,0,1,0,0,1,1,0,0,1
CAN,1996,0,1,0,1,0,0,1,1,0,0,1
CAN,1997,1,1,0,1,0,0,1,1,0,0,1
CAN,1998,1,1,0,1,0,0,1,1,0,0,1
CAN,1999,1,1,0,1,0,0,1,1,0,0,1
CAN,2000,1,1,0,1,1,0,1,1,0,0,1
CAN,2001,0,1,0,1,0,0,1,1,0,0,1
CAN,2002,0,1,0,1,0,0,1,1,0,0,1
CAN,2003,0,1,0,1,0,0,1,1,0,0,1
CAN,2004,0,0,0,1,1,0,1,1,0,0,1
CAN,2005,0,0,1,1,1,0,1,1,0,0,1
CAN,2006,0,0,1,1,1,0,1,1,0,0,1
CAN,2007,0,0,0,1,0,0,1,1,0,0,1
CAN,2008,0,0,0,1,0,0,1,1,0,0,1
CAN,2009,0,0,1,1,0,0,1,1,0,0,1
CAN,2010,0,0,1,1,0,0,1,1,0,0,1
CHE,1982,0,1,1,1,1,0,1,0,0,0,1
CHE,1989,1,1,1,1,1,0,1,0,0,0,1
CHE,1990,0,1,1,1,1,0,1,0,0,0,1
CHE,1991,0,1,1,1,1,0,1,0,0,0,1
CHE,1992,0,1,1,1,1,0,1,0,0,0,1
CHE,1993,0,1,1,1,1,0,1,0,0,0,1
CHE,1994,0,1,1,1,1,0,1,0,0,0,1
CHE,1995,0,1,1,1,1,0,1,0,0,0,1
CHE,1996,0,1,1,1,1,0,1,0,0,0,1
CHE,1997,0,1,1,1,1,0,1,0,0,0,1
CHE,1998,0,1,1,1,1,0,1,0,0,0,1
CHE,1999,0,1,1,1,1,0,1,0,0,0,1
CHE,2000,0,1,1,1,1,0,1,0,0,0,1
CHE,2001,0,1,1,1,1,0,1,0,0,0,1
CHE,2002,0,1,1,1,1,0,1,0,0,0,1
CHE,2003,0,1,1,1,1,0,1,0,0,0,1
CHE,2004,0,1,0,1,1,0,1,0,0,0,1
CHE,2005,0,1,1,1,1,0,1,0,0,0,1
CHE,2006,0,1,1,1,1,0,1,0,0,0,1
CHE,2007,0,1,0,1,1,0,1,0,0,0,1
CHE,2008,0,1,1,1,1,0,1,0,0,0,1
CHE,2009,0,1,1,1,1,0,1,0,0,0,1
CHE,2010,0,1,1,1,1,0,1,0,0,0,1
CHL,2010,1,0,1,0,1,1,0,0,0,0,1
CIV,1985,1,1,0,0,0,1,1,0,0,1,0
CIV,1986,0,1,0,0,0,1,1,0,1,1,0
CIV,1987,0,1,0,0,0,1,1,1,0,1,0
CIV,1988,0,1,0,0,0,1,1,1,0,1,0
CIV,1989,0,1,0,0,0,1,1,1,0,1,0
CIV,1990,0,1,0,0,0,1,1,1,0,1,0
CIV,1991,0,1,0,0,0,0,1,1,0,1,0
CIV,1992,0,1,0,0,0,0,1,1,0,1,0
CIV,1993,0,0,0,0,0,0,1,0,0,1,0
CIV,1994,0,1,0,0,0,0,1,0,1,1,0
CIV,1995,1,1,0,0,0,1,1,0,1,1,0
CIV,1996,1,1,0,0,0,1,1,0,0,1,0
CIV,1997,0,1,0,0,0,1,1,1,0,1,0
CIV,1998,1,1,0,0,0,1,1,0,0,1,0
CIV,1999,0,1,0,0,0,1,1,0,0,1,0
CIV,2000,0,1,0,0,0,1,1,0,0,1,0
CIV,2001,0,1,0,0,0,1,1,0,1,1,0
CIV,2002,0,1,0,0,0,1,1,0,1,1,0
CIV,2003,0,1,0,0,0,1,1,0,0,1,0
CIV,2004,0,1,0,0,0,1,1,0,0,1,0
CIV,2005,0,1,0,0,0,1,1,0,0,1,0
CIV,2006,0,1,0,0,0,1,1,0,0,1,0
CIV,2007,0,1,0,0,0,1,1,0,0,1,0
CIV,2008,0,1,0,0,0,1,1,0,0,1,0
CMR,1983,1,1,1,0,1,1,1,0,1,1,0
CMR,1996,1,0,0,0,0,1,0,0,0,1,0
CMR,1997,1,0,0,0,0,1,0,0,0,1,0
CMR,1998,1,0,0,0,0,1,0,0,0,1,0
CMR,1999,1,0,0,0,0,1,0,0,0,1,0
CMR,2000,0,0,0,0,0,1,0,0,0,1,0
CMR,2001,1,0,0,0,0,1,1,0,1,1,0
CMR,2002,1,0,0,0,0,1,1,0,0,1,0
CMR,2003,1,0,0,0,0,1,1,0,0,1,0
CMR,2004,0,0,0,0,0,1,1,0,0,1,0
CMR,2005,0,0,0,0,0,1,1,0,0,1,0
CMR,2006,0,0,0,0,0,1,0,0,1,1,0
CMR,2007,0,0,0,0,0,1,0,0,0,1,0
COD,2005,1,0,0,0,0,1,0,0,1,1,0
COD,2006,1,0,0,0,0,1,0,0,1,1,0
COG,2005,1,1,0,0,1,1,1,0,0,1,0
COG,2006,1,1,0,0,0,1,1,0,1,1,0
COL,1968,1,0,0,0,0,1,1,0,1,1,0
COL,1969,1,1,0,0,0,1,1,0,1,1,0
COL,1970,1,0,0,0,1,1,1,0,1,1,0
COL,1971,1,0,0,0,0,1,1,0,1,1,0
COL,1972,1,0,0,0,0,1,0,0,1,1,0
COL,1973,0,0,0,0,0,1,0,0,1,1,0
COL,1974,1,0,0,0,1,1,0,0,1,1,0
COL,1975,1,0,0,0,0,1,1,0,1,1,0
COL,1976,0,0,0,0,1,1,1,0,1,1,0
COL,1977,1,0,0,0,1,1,1,0,1,1,0
COL,1978,1,0,0,0,1,1,1,0,1,1,0
COL,1979,1,0,0,0,1,1,1,0,1,1,0
COL,1980,1,0,0,0,0,1,1,0,1,1,0
COL,1981,0,0,0,0,0,1,1,0,1,1,0
COL,1982,0,0,0,0,0,1,1,0,1,1,0
COL,1983,0,0,0,0,0,1,1,0,1,1,0
COL,1984,0,0,0,0,0,1,1,0,1,1,0
COL,1985,0,0,0,0,0,1,1,0,1,1,0
COL,1986,1,0,0,0,1,1,1,0,1,1,0
COL,1987,1,0,0,0,1,1,1,0,1,1,0
COL,1988,0,0,0,0,1,1,1,0,1,1,0
COL,1989,0,0,0,0,1,1,1,0,1,1,0
COL,1990,1,0,0,0,1,1,1,0,1,1,0
COL,1991,0,0,0,0,1,1,0,0,1,0,0
COL,1992,1,0,0,0,1,1,0,0,1,0,0
COL,1993,0,0,1,0,0,1,0,0,1,0,0
COL,1994,1,0,1,0,1,1,1,0,1,0,1
COL,1995,1,0,1,0,1,1,1,1,1,0,1
COL,1996,0,0,1,0,0,1,1,1,1,1,1
COL,1997,0,0,0,0,0,1,1,1,1,1,1
COL,1998,0,0,0,0,0,1,1,1,1,1,1
COL,1999,0,0,0,0,0,1,1,1,1,1,0
COL,2000,1,0,0,0,0,1,1,1,1,1,1
COL,2001,0,0,0,0,0,1,1,1,1,1,0
COL,2002,0,0,0,0,0,1,1,1,1,1,0
COL,2003,0,0,0,0,0,1,0,0,1,1,0
COL,2004,1,0,0,0,0,1,0,0,1,1,0
COL,2005,1,0,0,0,0,1,1,1,1,1,0
COL,2006,1,0,0,0,1,1,0,1,0,1,0
COL,2007,1,0,0,0,0,1,0,0,1,0,0
COL,2008,1,0,0,0,1,1,0,0,0,1,0
COL,2009,1,0,1,0,1,1,0,0,1,1,0
COL,2010,0,0,0,0,1,1,1,0,0,1,0
CRI,1977,1,1,0,0,0,1,0,0,0,1,0
CRI,1979,1,1,0,0,0,1,0,1,0,1,0
CRI,1981,0,1,1,0,0,1,0,0,1,1,0
CRI,1982,0,1,0,0,0,1,0,0,1,1,0
CRI,1983,0,1,0,0,0,1,0,0,1,1,0
CRI,1986,1,1,0,1,1,1,0,0,1,1,1
CRI,1987,1,1,1,1,0,1,0,0,1,1,0
CRI,1988,0,1,0,1,0,1,0,0,1,1,0
CRI,1989,1,1,0,1,0,1,0,0,1,1,0
CRI,1990,1,1,0,1,0,1,0,0,1,1,0
CRI,1991,1,1,0,1,0,1,0,0,1,1,0
CRI,1992,1,1,0,0,0,1,0,0,1,1,1
CRI,1993,1,1,0,0,0,1,0,0,1,1,1
CRI,1994,1,1,0,0,0,1,0,0,1,1,1
CRI,1995,0,1,0,0,0,1,0,0,1,1,1
CRI,1996,0,1,0,0,0,1,0,0,1,1,1
CRI,1997,1,1,0,0,0,1,0,0,1,1,1
CRI,1998,1,1,0,0,0,1,0,0,1,1,1
CRI,1999,1,1,0,0,0,1,0,0,1,1,1
CRI,2000,0,1,0,0,0,1,0,0,1,1,1
CRI,2001,0,1,0,0,0,1,0,0,1,0,1
CRI,2002,0,1,1,0,0,1,0,0,1,1,1
CRI,2003,1,1,0,0,0,1,0,0,1,0,1
CRI,2004,0,1,1,0,0,1,0,0,1,0,1
CRI,2005,1,1,1,0,1,1,0,0,1,0,1
CRI,2006,1,1,1,0,1,1,0,0,1,0,1
CRI,2007,1,1,1,0,0,1,0,0,1,0,1
CRI,2008,0,1,1,0,0,1,0,0,1,0,0
CRI,2009,1,1,0,0,0,1,0,0,1,0,0
CRI,2010,1,1,0,0,0,1,0,1,1,0,0
CYP,1989,1,1,1,1,1,0,0,1,0,0,1
CYP,1990,1,1,1,1,1,0,1,1,0,0,1
CYP,1991,0,1,1,1,1,0,1,1,0,0,1
CYP,1992,1,1,1,1,1,0,1,1,1,0,1
CYP,1993,0,1,1,1,1,0,1,1,0,0,1
CYP,1994,1,1,1,1,1,0,1,1,0,0,1
CYP,1995,1,1,1,1,1,0,1,0,0,0,1
CYP,1996,0,1,1,1,1,0,1,0,0,0,1
CYP,1997,0,1,1,1,1,0,1,0,0,0,1
CYP,1998,1,1,0,1,1,0,1,1,0,0,1
CYP,1999,1,1,0,1,1,0,1,1,0,0,1
CYP,2000,1,1,0,1,0,0,1,1,1,0,1
CYP,2001,1,1,0,1,0,0,1,0,0,0,1
CYP,2002,0,1,1,1,1,0,1,0,0,0,1
CYP,2003,0,1,0,1,1,0,1,1,1,0,1
CYP,2004,0,1,0,1,0,0,1,1,0,0,1
CYP,2005,0,1,0,1,0,0,1,1,0,0,1
CYP,2006,0,1,1,1,0,0,1,1,0,0,1
CYP,2007,0,1,0,1,0,0,1,1,0,0,1
CYP,2008,1,1,1,1,0,0,1,1,0,0,1
CYP,2009,0,1,1,1,0,0,1,1,0,0,1
CYP,2010,0,1,1,1,0,0,1,1,0,0,1
CZE,1994,0,1,1,1,1,0,0,1,1,0,1
CZE,1995,1,1,1,1,1,0,0,1,1,0,1
CZE,1996,1,1,1,1,1,0,0,1,1,0,1
CZE,1997,0,1,1,1,1,0,0,1,1,0,1
CZE,1998,0,1,1,1,1,0,0,1,1,0,1
CZE,1999,0,1,1,1,1,0,0,1,0,0,1
CZE,2000,1,1,1,1,1,0,0,1,1,0,1
CZE,2001,1,1,1,1,1,0,0,1,1,0,1
CZE,2002,0,1,1,1,1,0,1,1,0,0,1
CZE,2003,0,1,1,1,0,0,1,1,0,0,1
CZE,2004,0,1,1,1,0,0,1,1,0,0,1
CZE,2005,1,1,1,1,1,0,1,1,0,0,1
CZE,2006,1,1,1,1,1,0,1,1,0,0,1
CZE,2007,0,1,1,1,1,0,1,1,0,0,1
CZE,2008,0,1,1,1,1,0,1,1,0,0,1
CZE,2009,0,1,1,1,0,0,1,1,0,0,1
CZE,2010,0,1,1,1,0,0,1,1,0,0,1
DEU,1992,1,0,1,1,1,0,1,1,0,0,1
DEU,1993,0,0,1,1,0,0,1,1,0,0,1
DEU,1994,0,0,1,1,0,0,1,1,0,0,1
DEU,1995,0,0,1,1,0,0,1,1,0,0,1
DEU,1996,0,0,1,1,0,0,1,1,0,0,1
DEU,1997,0,0,1,1,0,0,1,1,0,0,1
DEU,1998,0,0,1,1,0,0,1,1,0,0,1
DEU,1999,0,0,1,1,0,0,1,1,0,0,1
DEU,2000,0,0,1,1,0,0,1,1,0,0,1
DEU,2001,0,0,1,1,0,0,1,1,0,0,1
DEU,2002,0,0,0,1,0,0,1,1,0,0,1
DEU,2003,0,0,0,1,0,0,1,1,0,0,1
DEU,2004,0,0,0,1,0,0,1,1,0,0,1
DEU,2005,0,0,0,1,0,0,1,1,0,0,1
DEU,2006,0,1,0,1,1,0,1,1,0,0,1
DEU,2007,0,0,0,1,1,0,1,1,0,0,1
DEU,2008,0,0,0,1,1,0,1,1,0,0,1
DEU,2009,0,1,0,1,0,0,1,1,0,0,1
DEU,2010,0,1,0,1,1,0,1,1,0,0,1
DNK,1970,0,1,0,1,0,0,1,1,1,0,1
DNK,1971,0,1,1,1,0,0,1,1,0,0,1
DNK,1972,0,1,1,1,0,0,1,1,1,0,1
DNK,1973,0,1,1,1,0,0,1,1,0,0,1
DNK,1974,0,1,0,1,0,0,1,1,0,0,1
DNK,1975,0,1,0,1,0,0,1,1,0,0,1
DNK,1976,1,1,1,1,0,0,1,1,0,0,1
DNK,1977,0,1,0,1,0,0,1,1,0,0,1
DNK,1978,0,1,0,1,0,0,1,1,1,0,1
DNK,1979,0,1,0,1,0,0,1,1,0,0,1
DNK,1980,0,1,0,1,0,0,1,1,0,0,1
DNK,1981,0,1,0,1,0,0,1,1,0,0,1
DNK,1982,1,1,0,1,0,0,1,1,0,0,1
DNK,1983,0,1,0,1,0,0,1,1,0,0,1
DNK,1984,0,1,0,1,0,0,1,1,0,0,1
DNK,1985,1,1,1,1,0,0,1,1,0,0,1
DNK,1986,1,1,1,1,0,0,1,1,0,0,1
DNK,1987,0,1,0,1,0,0,1,1,0,0,1
DNK,1988,0,1,0,1,0,0,1,1,0,0,1
DNK,1989,0,1,0,1,0,0,1,1,0,0,1
DNK,1990,0,1,0,1,0,0,1,1,0,0,1
DNK,1991,0,1,0,1,0,0,1,1,0,0,1
DNK,1992,1,1,0,1,0,0,1,1,0,0,1
DNK,1993,0,1,0,1,0,0,1,1,0,0,1
DNK,1994,1,1,0,1,0,0,1,1,0,0,1
DNK,1995,0,1,0,1,0,0,1,1,0,0,1
DNK,1996,0,1,0,1,0,0,1,1,0,0,1
DNK,1997,0,1,0,1,1,0,1,1,0,0,1
DNK,1998,0,1,1,1,0,0,1,1,0,0,1
DNK,1999,0,1,0,1,1,0,1,1,0,0,1
DNK,2000,0,1,0,1,1,0,1,1,0,0,1
DNK,2001,0,1,0,1,1,0,1,1,0,0,1
DNK,2002,0,1,1,1,1,0,1,1,0,0,1
DNK,2003,0,1,0,1,1,0,1,1,0,0,1
DNK,2004,0,1,0,1,1,0,1,1,0,0,1
DNK,2005,0,1,0,1,1,0,1,1,0,0,1
DNK,2006,0,1,1,1,1,0,1,1,0,0,1
DNK,2007,0,1,1,1,1,0,1,1,0,0,1
DNK,2008,0,1,0,1,1,0,1,1,0,0,1
DNK,2009,0,1,0,1,0,0,1,1,0,0,1
DNK,2010,0,1,0,1,1,0,1,1,0,0,1
DOM,1976,1,0,0,0,1,1,1,0,0,1,0
DOM,1984,0,1,0,0,0,1,1,0,1,1,0
DOM,1986,1,1,0,0,0,1,0,0,1,1,0
DOM,1987,1,1,1,0,0,1,0,0,1,1,0
DOM,1988,0,1,1,0,0,1,0,0,1,1,0
DOM,1989,1,1,1,0,0,1,0,0,1,1,0
DOM,1990,0,1,1,0,0,1,0,0,1,1,0
DOM,1991,0,1,1,0,0,1,0,0,1,1,0
DOM,1992,1,1,1,0,0,1,0,0,0,1,0
DOM,1993,1,1,1,0,1,1,0,0,0,1,0
DOM,1994,0,1,1,0,1,1,0,0,0,1,0
DOM,1995,1,1,1,0,1,1,0,0,1,1,0
DOM,1996,1,1,1,0,1,1,0,0,0,1,0
DOM,1997,1,1,1,0,1,1,0,0,1,1,0
DOM,1998,1,1,1,0,1,1,0,0,0,1,0
DOM,1999,1,1,1,0,1,1,0,0,1,1,0
DOM,2000,1,1,1,0,1,1,0,0,1,1,1
DOM,2001,0,1,1,0,1,1,0,0,1,1,1
DOM,2002,1,1,1,0,1,1,0,0,1,1,1
DOM,2003,0,1,0,0,1,1,0,0,1,1,0
DOM,2004,0,1,0,0,1,1,0,0,1,1,0
DOM,2005,1,0,0,0,1,1,0,0,1,1,0
DOM,2006,1,0,0,0,0,1,0,0,1,1,0
DOM,2007,1,0,1,0,1,1,0,0,1,1,0
DOM,2008,0,0,1,0,1,1,0,0,1,1,0
DOM,2009,1,0,1,0,1,1,0,0,0,1,0
DOM,2010,1,0,1,0,1,1,0,0,1,1,0
DZA,1988,0,0,1,0,1,1,0,1,0,1,0
DZA,1989,1,0,1,0,1,0,0,1,1,1,0
DZA,1990,0,0,1,0,1,0,0,1,1,1,0
DZA,1991,0,0,1,0,1,0,0,0,1,1,0
DZA,1992,0,0,1,0,1,0,0,1,1,1,0
DZA,1993,0,0,1,0,1,0,0,1,1,1,0
DZA,1994,0,0,1,0,1,0,0,1,1,1,0
DZA,1995,0,0,1,0,1,0,0,1,1,1,0
DZA,1996,0,0,1,0,1,0,0,1,1,1,0
DZA,1997,0,0,1,0,1,0,0,1,1,1,0
DZA,1998,1,0,1,0,1,0,0,1,0,1,0
DZA,1999,0,0,1,0,1,0,0,1,0,1,0
DZA,2000,0,0,1,0,1,0,0,0,0,1,0
DZA,2001,1,0,1,0,1,0,0,0,1,1,0
DZA,2002,1,0,1,0,1,0,0,0,0,1,0
DZA,2003,1,0,1,0,1,0,0,0,1,1,0
DZA,2004,0,0,1,0,1,0,0,0,1,1,0
DZA,2005,1,0,1,0,1,0,0,0,0,1,0
ECU,1986,0,0,0,0,0,1,0,1,1,1,0
ECU,1987,0,0,0,0,0,1,0,0,1,1,0
ECU,1988,1,0,0,0,0,1,0,1,1,1,0
ECU,1989,0,0,0,0,0,1,0,0,1,1,0
ECU,1990,0,0,0,0,0,1,0,0,1,1,0
ECU,1991,1,0,0,0,0,1,0,0,1,1,0
ECU,1992,1,0,0,0,1,1,0,0,1,1,0
ECU,1993,0,0,0,0,0,1,0,0,1,1,0
ECU,1994,1,0,0,0,0,1,0,0,1,1,0
ECU,1995,0,0,0,0,0,1,0,0,1,1,0
ECU,1996,0,0,0,0,0,1,0,0,1,1,0
ECU,1997,1,0,0,0,0,1,0,0,1,1,0
ECU,1998,0,0,1,0,0,1,0,0,1,1,0
ECU,1999,0,0,0,0,1,1,0,0,1,1,0
ECU,2000,0,0,0,0,1,1,0,0,1,1,0
ECU,2001,1,0,1,0,1,1,0,0,1,1,0
ECU,2002,1,0,1,0,1,1,0,0,1,1,0
ECU,2003,0,0,0,0,1,1,0,0,1,1,0
ECU,2004,1,0,0,0,1,1,0,0,0,1,0
ECU,2005,1,0,0,0,1,1,0,0,0,1,0
ECU,2006,0,0,0,0,1,1,0,0,0,1,0
ECU,2007,0,0,0,0,1,1,0,0,0,1,0
ECU,2008,1,0,1,0,1,1,0,0,1,1,0
ECU,2009,1,0,1,0,1,1,0,0,1,1,0
ECU,2010,0,0,1,0,1,1,0,0,1,1,0
EGY,1977,1,1,1,0,1,1,1,1,1,1,0
EGY,1978,1,1,1,0,1,1,1,1,1,1,0
EGY,1979,1,1,1,0,1,1,1,1,0,1,0
EGY,1980,1,1,1,0,0,1,1,0,1,1,0
EGY,1981,1,1,1,0,0,1,1,1,0,1,0
EGY,1982,1,1,1,0,0,1,1,1,1,1,0
EGY,1983,1,1,1,0,1,1,1,1,1,1,0
EGY,1984,1,1,1,0,1,1,1,1,1,1,0
EGY,1985,1,0,1,0,0,1,1,1,1,1,0
EGY,1986,0,0,1,0,0,1,1,1,1,1,0
EGY,1987,0,0,1,0,1,1,1,0,1,1,0
EGY,1988,1,0,1,0,1,0,1,0,1,1,0
EGY,1989,1,0,1,0,1,0,1,0,1,1,0
EGY,1990,1,0,1,0,1,0,1,0,1,1,0
EGY,1991,0,1,1,0,1,0,0,0,1,1,0
EGY,1992,1,1,0,0,1,0,0,0,1,1,0
EGY,1993,1,0,0,0,1,0,0,0,1,1,0
EGY,1994,1,0,0,0,1,0,0,0,0,1,0
EGY,1995,1,0,0,0,1,0,1,0,1,1,0
EGY,1996,1,0,0,0,1,0,1,0,1,1,0
EGY,1997,1,0,0,0,1,0,1,0,0,1,0
EGY,1998,1,0,0,0,1,0,1,0,0,1,0
EGY,1999,1,0,1,0,1,0,1,0,1,1,0
EGY,2000,1,0,0,0,1,0,0,0,0,1,0
EGY,2001,1,0,0,0,1,0,0,0,0,1,0
EGY,2002,0,0,0,0,1,0,0,0,0,1,0
EGY,2003,0,0,0,0,1,0,0,0,1,1,0
EGY,2004,0,0,0,0,1,0,0,0,1,1,0
EGY,2005,1,0,0,0,1,0,0,0,1,1,0
EGY,2006,1,0,0,0,1,0,0,0,1,1,0
EGY,2007,1,0,0,0,1,0,0,0,1,1,0
EGY,2008,1,0,0,0,1,0,0,0,1,1,0
EGY,2009,1,0,0,0,0,0,0,0,1,1,0
EGY,2010,1,0,0,0,0,0,0,0,1,1,0
ESP,1970,0,0,1,0,0,1,0,0,1,1,0
ESP,1971,1,0,1,0,0,1,0,0,1,1,0
ESP,1973,1,0,1,0,0,1,0,0,1,1,0
ESP,1975,0,0,1,0,1,0,0,0,1,1,1
ESP,1976,0,0,1,1,0,0,0,0,1,0,1
ESP,1977,0,0,1,1,0,0,0,0,1,0,1
ESP,1978,0,0,0,0,0,0,0,0,1,1,1
ESP,1979,0,0,0,1,0,0,0,0,1,0,1
ESP,1980,0,0,0,1,0,0,0,0,1,0,1
ESP,1982,0,0,0,0,0,0,0,0,1,0,1
ESP,1985,0,0,0,1,0,0,0,0,1,0,1
ESP,1986,0,0,0,1,0,0,1,0,1,0,1
ESP,1987,1,0,1,1,0,0,1,1,0,0,1
ESP,1988,1,0,1,1,1,0,1,0,0,0,1
ESP,1989,1,0,1,1,0,0,1,1,0,0,1
ESP,1990,0,0,1,1,0,0,1,1,0,0,1
ESP,1991,0,0,1,1,0,0,1,1,0,0,1
ESP,1992,0,0,1,1,0,0,1,1,0,0,1
ESP,1993,0,0,0,1,0,0,1,1,0,0,1
ESP,1994,0,0,0,1,0,0,1,1,0,0,1
ESP,1995,0,0,1,1,0,0,1,1,0,0,1
ESP,1996,0,0,0,1,0,0,1,1,0,0,1
ESP,1997,0,0,1,1,1,0,1,1,0,0,1
ESP,1998,1,0,1,1,1,0,1,1,0,0,1
ESP,1999,1,0,1,1,0,0,1,1,0,0,1
ESP,2000,1,0,1,1,0,0,1,1,0,0,1
ESP,2001,1,0,1,1,0,0,1,1,0,0,1
ESP,2002,0,0,1,1,1,0,1,1,1,0,1
ESP,2003,0,0,1,1,1,0,1,1,0,0,1
ESP,2004,0,0,1,1,0,0,1,1,0,0,1
ESP,2005,0,0,1,1,0,0,1,1,0,0,1
ESP,2006,0,0,1,1,0,0,1,1,0,0,1
ESP,2007,0,0,1,1,0,0,1,1,0,0,1
ESP,2008,0,0,1,1,0,0,1,1,0,0,1
ESP,2009,0,0,1,1,0,0,1,1,0,0,1
ESP,2010,0,0,1,1,0,0,1,1,0,0,1
EST,1996,1,1,1,1,1,0,1,1,1,0,1
EST,1997,1,1,1,1,1,0,1,1,1,0,1
EST,1998,1,1,1,1,1,0,1,1,1,0,1
EST,1999,0,1,1,1,1,0,1,1,1,0,1
EST,2000,1,1,1,1,1,0,1,1,1,0,1
EST,2001,1,1,1,1,1,0,1,1,1,0,1
EST,2002,1,1,1,1,0,0,1,1,1,0,1
EST,2003,1,1,1,1,1,0,1,1,0,0,1
EST,2004,1,1,1,1,0,0,1,1,0,0,1
EST,2005,1,1,1,1,1,0,1,1,1,0,1
EST,2006,1,1,1,1,1,0,1,1,1,0,1
EST,2007,1,1,1,1,0,0,1,1,1,0,1
EST,2008,0,1,1,1,0,0,1,1,1,0,1
EST,2009,0,1,0,1,0,0,1,1,0,0,1
EST,2010,0,1,0,1,0,0,1,1,1,0,1
FIN,1970,0,1,1,0,1,0,0,1,0,0,1
FIN,1971,0,1,1,0,1,0,1,1,1,0,1
FIN,1972,1,1,1,0,1,0,1,1,1,0,1
FIN,1973,1,1,1,0,1,0,1,1,1,0,1
FIN,1974,0,1,1,0,1,0,1,1,0,0,1
FIN,1975,0,1,1,1,1,0,1,1,1,0,1
FIN,1976,0,1,1,1,1,0,1,1,1,0,1
FIN,1977,0,1,1,1,0,0,1,1,1,0,1
FIN,1978,0,1,0,1,1,0,1,1,0,0,1
FIN,1979,1,1,1,1,1,0,1,1,0,0,1
FIN,1980,1,1,1,1,1,0,1,1,0,0,1
FIN,1981,0,1,1,1,1,0,1,1,0,0,1
FIN,1982,1,0,1,1,1,0,1,1,0,0,1
FIN,1983,1,1,1,1,1,0,1,1,0,0,1
FIN,1984,0,0,1,1,1,0,1,1,0,0,1
FIN,1985,1,0,1,1,1,0,1,1,1,0,1
FIN,1986,0,0,1,1,1,0,1,1,0,0,1
FIN,1987,0,0,1,1,1,0,1,1,0,0,1
FIN,1988,1,0,1,1,1,0,1,1,0,0,1
FIN,1989,1,0,1,1,1,0,1,1,0,0,1
FIN,1990,0,0,1,1,0,0,1,1,0,0,1
FIN,1991,0,0,1,1,0,0,1,1,0,0,1
FIN,1992,0,0,0,1,0,0,1,1,0,0,1
FIN,1993,0,1,0,1,0,0,1,1,0,0,1
FIN,1994,1,0,0,1,0,0,1,1,0,0,1
FIN,1995,1,0,0,1,0,0,1,1,0,0,1
FIN,1996,0,0,0,1,0,0,1,1,0,0,1
FIN,1997,1,0,0,1,1,0,1,1,0,0,1
FIN,1998,1,0,0,1,1,0,1,1,0,0,1
FIN,1999,1,0,1,1,1,0,1,1,0,0,1
FIN,2000,1,1,1,1,1,0,1,1,0,0,1
FIN,2001,0,0,1,1,1,0,1,1,0,0,1
FIN,2002,0,0,1,1,1,0,1,1,0,0,1
FIN,2003,0,0,1,1,1,0,1,1,0,0,1
FIN,2004,0,0,1,1,1,0,1,1,0,0,1
FIN,2005,0,1,1,1,1,0,1,1,0,0,1
FIN,2006,0,1,1,1,1,0,1,1,0,0,1
FIN,2007,0,1,1,1,1,0,1,1,0,0,1
FIN,2008,0,1,0,1,1,0,1,1,0,0,1
FIN,2009,0,1,0,1,0,0,1,1,0,0,1
FIN,2010,0,1,0,1,0,0,1,1,0,0,1
FJI,1991,0,1,0,1,0,1,1,1,0,1,0
FJI,1992,1,1,0,1,0,1,1,1,0,1,0
FJI,1993,0,1,0,1,0,1,1,1,0,1,0
FJI,1994,1,1,0,1,0,1,1,1,0,1,0
FJI,1995,0,1,0,1,1,1,1,1,0,1,0
FJI,1996,1,1,0,1,1,0,1,1,0,1,0
FJI,1997,0,1,0,1,1,1,1,1,0,1,0
FJI,1998,0,1,1,1,1,0,1,1,1,1,0
FJI,1999,1,1,0,1,1,1,1,1,0,1,0
FJI,2000,0,1,0,1,1,1,1,1,0,1,0
FJI,2001,0,1,0,1,0,1,1,1,1,1,0
FJI,2002,0,1,0,1,1,1,1,1,0,1,0
FJI,2003,0,1,0,1,1,0,1,1,1,1,0
FJI,2004,1,1,0,1,0,0,1,0,0,1,0
FJI,2005,0,1,0,1,0,0,1,1,0,1,0
FJI,2006,0,1,0,1,0,0,1,1,0,1,0
FJI,2007,0,1,0,1,0,0,1,1,1,1,0
FJI,2008,0,1,0,1,0,0,1,0,0,1,0
FRA,1975,0,0,0,0,1,1,1,1,0,0,1
FRA,1976,0,0,1,1,1,0,1,1,0,0,1
FRA,1977,0,0,0,1,1,0,1,1,0,0,1
FRA,1978,1,0,0,0,0,0,1,1,0,0,1
FRA,1979,0,0,0,0,0,0,1,1,1,0,1
FRA,1980,0,0,0,0,1,0,1,1,0,0,1
FRA,1981,0,0,0,0,0,0,1,1,0,0,1
FRA,1982,1,0,0,0,0,0,1,1,1,0,1
FRA,1983,0,0,0,0,0,0,1,1,0,0,1
FRA,1984,0,0,0,1,0,0,1,1,0,0,1
FRA,1985,0,0,0,1,0,0,1,1,0,0,1
FRA,1986,0,0,0,1,0,0,1,1,0,0,1
FRA,1987,0,0,0,1,0,0,1,1,0,0,1
FRA,1988,1,0,1,1,0,0,1,1,0,0,1
FRA,1989,1,0,1,1,1,0,1,1,0,0,1
FRA,1990,0,0,1,1,0,0,1,1,0,0,1
FRA,1991,0,0,1,1,1,0,1,1,0,0,1
FRA,1992,0,0,1,1,0,0,1,1,0,0,1
FRA,1993,0,0,0,1,0,0,1,1,0,0,1
FRA,1994,0,0,0,1,0,0,1,1,0,0,1
FRA,1995,0,0,0,1,0,0,1,1,0,0,1
FRA,1996,0,0,0,1,0,0,1,1,0,0,1
FRA,1997,0,0,0,1,1,0,1,1,0,0,1
FRA,1998,0,0,0,1,1,0,1,1,0,0,1
FRA,1999,0,0,0,1,1,0,1,1,0,0,1
FRA,2000,0,0,1,1,1,0,1,1,0,0,1
FRA,2001,0,0,0,1,1,0,1,1,0,0,1
FRA,2002,0,0,0,1,0,0,1,1,0,0,1
FRA,2003,0,0,0,1,0,0,1,1,0,0,1
FRA,2004,0,0,0,1,0,0,1,1,0,0,1
FRA,2005,0,0,0,1,0,0,1,1,0,0,1
FRA,2006,0,0,0,1,0,0,1,1,0,0,1
FRA,2007,0,0,0,1,0,0,1,1,0,0,1
FRA,2008,0,0,0,1,0,0,1,1,0,0,1
FRA,2009,0,0,0,1,0,0,1,1,0,0,1
FRA,2010,0,0,0,1,0,0,1,1,0,1,1
GAB,1994,0,1,0,0,1,1,0,0,1,1,1
GAB,2005,0,1,0,0,1,1,0,0,0,1,1
GBR,1989,0,0,1,1,0,0,1,1,0,0,1
GBR,1990,0,0,0,1,0,0,1,1,0,0,1
GBR,1991,0,0,0,1,0,0,1,1,0,0,1
GBR,1992,0,0,0,1,0,0,1,1,0,0,1
GBR,1993,1,0,0,1,0,0,1,1,0,0,1
GBR,1994,1,0,0,1,0,0,1,1,0,0,1
GBR,1995,1,0,0,1,0,0,1,1,0,0,1
GBR,1996,0,0,0,1,0,0,1,1,0,0,1
GBR,1997,0,0,0,1,0,0,1,1,0,0,1
GBR,1998,0,0,0,1,0,0,1,1,0,0,1
GBR,1999,0,0,0,1,0,0,1,1,0,0,1
GBR,2000,0,0,0,1,0,0,1,1,0,0,1
GBR,2001,0,0,0,1,0,0,1,1,0,0,1
GBR,2002,0,0,0,1,0,0,1,1,0,0,1
GBR,2003,0,0,0,1,0,0,1,1,0,0,1
GBR,2004,0,0,0,1,0,0,1,1,0,0,1
GBR,2005,0,0,0,1,0,0,1,1,0,0,1
GBR,2006,0,0,0,1,0,0,1,1,0,0,1
GBR,2007,0,0,0,1,0,0,1,1,0,0,1
GBR,2008,0,0,0,1,0,0,1,1,0,0,1
GBR,2009,0,0,0,1,0,0,1,1,0,0,1
GBR,2010,0,0,0,1,0,0,1,1,1,0,1
GHA,1987,1,0,0,0,0,0,0,0,1,1,0
GHA,1988,1,0,0,0,0,0,0,0,1,1,0
GHA,1989,1,0,0,0,0,1,0,0,1,1,0
GHA,1990,0,0,0,0,0,0,0,0,1,1,0
GHA,1991,1,0,0,0,0,0,0,0,1,1,0
GHA,1992,1,0,0,0,0,0,0,0,1,1,0
GHA,1993,1,0,0,0,0,0,0,0,1,1,0
GHA,1994,0,0,0,0,0,0,0,0,1,1,0
GHA,1995,1,0,0,0,0,0,0,0,1,1,0
GHA,1996,1,1,0,0,0,0,0,0,1,1,0
GHA,1997,0,1,0,0,0,0,0,0,1,1,0
GHA,1998,1,1,0,0,0,1,0,0,1,1,0
GHA,1999,1,1,0,0,0,1,1,0,1,1,0
GHA,2000,0,1,1,0,0,0,0,0,1,1,0
GHA,2001,1,1,1,0,1,0,0,0,1,1,0
GHA,2002,1,1,0,0,0,1,0,0,1,1,0
GHA,2003,1,1,0,0,1,1,0,0,1,1,0
GHA,2004,1,1,1,0,1,1,0,0,1,1,0
GHA,2005,1,1,1,0,0,1,0,0,1,1,0
GHA,2006,1,0,0,0,0,1,0,0,1,1,0
GMB,1992,1,1,0,0,1,1,1,0,1,1,0
GMB,1993,1,1,0,0,0,1,1,0,0,1,0
GMB,1994,0,0,0,0,0,1,1,0,0,1,0
GMB,1995,0,0,0,0,0,1,1,0,0,1,0
GMB,1996,0,0,0,0,0,1,1,0,0,1,0
GMB,1997,1,0,0,0,0,1,1,0,0,1,0
GMB,1998,0,0,0,0,0,1,1,0,0,1,0
GMB,1999,1,0,0,0,0,1,1,0,1,1,0
GMB,2000,1,0,0,0,0,1,1,0,0,1,0
GMB,2001,1,0,0,0,0,1,1,0,1,1,0
GMB,2002,0,0,0,0,0,1,1,0,1,1,0
GMB,2003,1,0,0,0,0,1,0,0,1,1,0
GRC,1970,1,0,1,0,0,1,0,0,0,0,0
GRC,1971,1,0,1,0,0,1,0,0,0,1,0
GRC,1972,1,0,1,0,0,1,0,0,0,0,0
GRC,1973,1,0,1,0,0,1,0,0,1,0,0
GRC,1974,0,0,1,0,0,1,0,0,1,1,0
GRC,1975,1,0,1,1,0,1,0,0,1,1,0
GRC,1976,1,0,1,1,1,1,0,0,1,0,1
GRC,1977,0,0,1,1,0,1,0,0,1,0,1
GRC,1978,1,0,1,1,0,1,0,0,1,0,1
GRC,1979,0,0,1,1,0,1,0,0,1,0,1
GRC,1980,0,0,1,1,0,0,0,0,1,0,1
GRC,1981,0,0,0,1,0,1,0,1,1,0,1
GRC,1982,0,0,1,1,1,0,0,1,1,0,1
GRC,1983,0,0,1,1,0,0,0,1,1,0,1
GRC,1984,0,0,1,1,1,0,0,1,1,0,1
GRC,1985,0,0,1,1,0,0,0,1,1,0,1
GRC,1986,0,0,1,1,1,0,0,1,1,0,1
GRC,1987,0,0,1,1,0,0,1,1,1,0,1
GRC,1988,1,0,1,1,0,0,1,1,1,0,1
GRC,1989,0,0,1,1,0,0,1,1,1,0,1
GRC,1990,0,0,1,1,0,0,1,1,1,0,1
GRC,1991,1,0,1,1,1,0,1,1,1,0,1
GRC,1992,0,0,1,1,0,0,1,1,1,0,1
GRC,1993,0,0,1,1,0,0,1,1,1,0,1
GRC,1994,0,0,1,1,0,0,1,1,1,0,1
GRC,1995,0,0,1,1,0,0,1,1,1,0,1
GRC,1996,0,0,1,1,0,0,1,1,1,0,1
GRC,1997,1,0,1,1,0,0,1,1,0,0,1
GRC,1998,1,0,1,1,0,0,1,1,0,0,1
GRC,1999,0,0,1,1,0,0,1,1,0,0,1
GRC,2000,1,0,1,1,0,0,1,1,0,0,1
GRC,2001,1,0,1,1,0,0,1,1,0,0,1
GRC,2002,1,0,1,1,0,0,1,1,1,0,1
GRC,2003,1,0,1,1,0,0,1,1,1,0,1
GRC,2004,1,0,1,1,0,0,1,1,0,0,1
GRC,2005,0,0,0,1,0,0,1,1,0,0,1
GRC,2006,1,0,1,1,0,0,1,1,0,0,1
GRC,2007,0,0,1,1,0,0,1,1,0,0,1
GRC,2008,0,0,0,1,0,0,1,1,0,0,1
GRC,2009,0,0,0,1,0,0,1,1,0,0,1
GRC,2010,0,0,0,1,0,0,1,1,1,0,1
GTM,1979,1,0,0,0,0,1,0,0,1,1,0
GTM,1987,0,0,0,0,0,1,0,0,1,1,0
GTM,1988,0,0,0,0,0,1,0,0,1,1,0
GTM,1989,1,0,0,0,0,1,0,0,1,1,0
GTM,1990,0,0,0,0,0,1,0,0,1,1,0
GTM,1991,1,0,0,0,0,1,0,0,1,1,0
GTM,1992,1,0,0,0,0,1,0,0,1,1,0
GTM,1993,1,0,0,0,0,1,0,0,1,1,0
GTM,1994,1,0,0,0,0,1,0,0,1,1,0
GTM,1995,1,0,0,0,0,1,0,0,0,1,0
GTM,1996,0,0,0,0,0,1,0,0,1,1,0
GTM,1997,1,0,0,0,0,1,0,0,1,1,0
GTM,1998,1,0,0,0,0,1,0,0,1,1,0
GTM,1999,1,0,0,0,0,1,0,0,1,1,0
GTM,2000,0,0,0,0,0,1,0,0,1,1,0
GTM,2001,0,0,0,0,0,1,0,0,1,1,0
GTM,2002,1,0,0,0,0,1,0,0,1,1,0
GTM,2003,0,0,0,0,0,1,0,0,1,1,0
GTM,2004,0,0,0,0,0,1,0,0,1,1,0
GTM,2005,0,0,0,0,0,1,0,0,1,1,0
GTM,2006,1,0,0,0,0,1,0,0,1,1,0
GTM,2007,1,0,0,0,0,1,0,0,1,1,0
GTM,2008,1,0,0,0,0,1,0,0,1,1,0
GTM,2009,1,0,0,0,0,1,0,0,0,1,0
GTM,2010,0,0,0,0,0,1,0,0,1,1,0
GUY,1995,1,1,1,0,1,1,0,1,1,1,0
GUY,1996,1,1,1,0,1,1,0,1,0,1,0
GUY,1997,1,1,1,0,0,1,0,1,0,1,0
GUY,1998,0,1,1,0,0,1,0,1,0,1,0
GUY,1999,0,1,0,0,0,1,0,1,1,1,0
GUY,2000,0,1,0,0,0,1,0,1,1,1,0
GUY,2001,0,1,0,0,0,1,0,1,0,1,0
GUY,2002,0,1,0,0,0,1,0,1,1,1,0
GUY,2003,0,1,0,0,0,0,0,1,1,1,0
GUY,2004,0,1,0,0,0,0,0,1,1,1,0
GUY,2005,0,1,1,0,0,0,0,1,1,1,0
GUY,2006,0,1,0,0,0,0,0,1,1,1,0
HKG,1982,1,1,1,1,1,1,0,0,0,0,1
HKG,1983,1,1,1,1,1,1,0,0,0,0,1
HKG,1984,1,1,1,1,1,1,0,0,1,0,1
HKG,1985,0,1,0,1,1,1,0,0,0,0,1
HKG,1986,1,1,1,1,1,1,0,0,0,0,1
HKG,1987,1,1,1,1,1,0,0,0,0,0,1
HKG,1988,1,1,1,1,1,0,0,0,1,0,1
HKG,1989,0,1,1,1,1,0,1,0,1,0,1
HKG,1990,1,1,1,1,1,0,1,0,1,0,1
HKG,1991,1,1,1,1,1,1,1,0,1,0,1
HKG,1992,1,1,1,1,1,1,1,0,1,0,1
HKG,1993,1,1,1,1,1,1,1,0,1,0,1
HKG,1994,1,1,1,1,1,1,1,0,1,0,1
HKG,1995,0,1,1,1,1,1,1,0,1,0,1
HKG,1996,1,1,1,1,1,1,1,0,0,0,1
HKG,1997,1,1,1,1,1,1,1,0,1,0,1
HKG,1998,0,1,1,1,1,1,1,0,0,0,1
HKG,1999,0,1,1,1,1,1,1,0,0,0,1
HKG,2000,1,1,1,1,1,1,1,0,0,0,1
HKG,2001,0,1,1,1,1,1,1,0,0,0,1
HKG,2002,0,1,1,1,1,1,1,0,0,0,1
HKG,2003,0,1,1,1,1,1,1,0,0,0,1
HKG,2004,1,1,0,1,1,1,1,0,0,0,1
HKG,2005,1,1,0,1,1,1,1,0,0,0,1
HKG,2006,1,1,0,1,1,1,0,0,0,0,1
HKG,2007,1,1,0,1,1,1,0,0,0,0,1
HKG,2008,0,1,0,1,1,1,0,0,0,0,1
HKG,2009,0,1,1,1,1,1,0,0,0,0,1
HKG,2010,1,1,1,1,1,1,0,0,0,0,1
HND,1986,0,1,0,0,0,1,0,0,0,1,0
HND,1989,1,1,0,0,0,1,0,0,1,1,0
HND,1990,0,1,0,0,0,1,0,0,1,1,0
HND,1991,1,1,1,0,0,1,0,0,1,1,0
HND,1992,1,1,1,0,0,1,0,0,1,1,0
HND,1993,1,1,1,0,1,1,0,0,1,1,0
HND,1994,0,1,1,0,1,1,0,0,1,1,0
HND,1995,0,1,1,0,1,1,0,0,1,1,0
HND,1996,0,1,1,0,1,1,0,0,1,1,0
HND,1997,1,1,1,0,1,1,0,0,1,1,0
HND,1998,0,1,1,0,1,1,0,0,1,1,0
HND,1999,0,1,1,0,1,1,0,0,1,1,0
HND,2000,1,1,1,0,1,1,0,0,1,1,0
HND,2001,0,1,1,0,1,1,0,0,1,1,0
HND,2002,1,1,1,0,1,1,0,0,1,1,0
HND,2003,1,1,1,0,1,1,0,0,1,1,0
HND,2004,1,1,1,0,1,1,0,0,1,1,0
HND,2005,1,1,1,0,1,1,0,0,1,1,0
HND,2006,1,1,1,0,1,1,0,0,1,1,0
HND,2007,1,1,1,0,1,1,0,1,1,1,0
HND,2008,1,1,1,0,1,1,0,1,1,1,0
HND,2009,0,1,0,0,1,1,0,1,1,1,0
HND,2010,0,1,0,0,0,1,0,1,1,1,0
HRV,1996,1,0,0,1,0,0,0,1,0,0,1
HRV,1997,1,1,1,1,0,0,0,1,0,0,1
HRV,1998,0,0,1,1,0,0,1,1,1,0,1
HRV,1999,0,0,1,1,0,0,1,1,1,0,1
HRV,2000,0,1,0,1,1,0,0,1,1,0,1
HRV,2001,1,1,0,1,1,0,1,1,0,0,1
HRV,2002,1,1,1,1,1,0,1,1,0,0,1
HRV,2003,1,1,1,1,1,0,1,1,0,0,1
HRV,2004,0,1,1,1,1,0,1,1,0,0,1
HRV,2005,0,1,1,1,1,0,1,1,0,0,1
HRV,2006,0,1,1,1,1,0,1,1,0,0,1
HRV,2007,0,1,1,1,1,0,1,1,0,0,1
HRV,2008,0,1,1,1,1,0,1,1,0,0,1
HRV,2009,0,1,1,1,1,0,1,1,0,0,1
HRV,2010,0,1,0,1,1,0,0,1,0,0,1
HTI,1999,0,0,1,0,1,1,0,0,1,1,0
HTI,2000,0,0,1,0,1,1,0,0,1,1,0
HTI,2001,0,0,1,0,1,1,0,0,1,1,0
HUN,1992,0,1,0,1,0,0,0,1,1,0,1
HUN,1993,0,0,0,1,0,0,0,1,1,0,1
HUN,1994,0,0,1,1,0,0,0,1,1,0,1
HUN,1995,0,1,1,1,0,0,0,1,1,0,1
HUN,1996,0,1,1,1,0,0,0,1,1,0,1
HUN,1997,0,1,1,1,0,0,0,1,1,0,1
HUN,1998,1,1,1,1,0,0,0,1,1,0,1
HUN,1999,0,1,1,1,0,0,0,1,1,0,1
HUN,2000,1,1,1,1,0,0,0,1,1,0,1
HUN,2001,1,1,1,1,0,0,1,1,1,0,1
HUN,2002,1,1,1,1,0,0,1,1,1,0,1
HUN,2003,0,1,1,1,0,0,1,1,1,0,1
HUN,2004,0,1,1,1,0,0,1,1,1,0,1
HUN,2005,0,1,1,1,0,0,1,1,0,0,1
HUN,2006,0,1,1,1,0,0,1,1,0,0,1
HUN,2007,0,1,0,1,0,0,1,1,1,0,1
HUN,2008,0,1,0,1,0,0,1,1,0,0,1
HUN,2009,0,1,0,1,0,0,1,1,1,0,1
HUN,2010,0,1,0,1,0,0,1,1,1,0,1
IDN,1980,1,0,1,0,1,1,0,0,1,1,0
IDN,1981,1,0,1,0,1,0,1,0,0,1,0
IDN,1982,0,0,1,0,1,1,1,0,0,1,0
IDN,1983,1,0,1,0,1,1,1,0,1,1,0
IDN,1984,1,0,1,0,1,0,1,0,1,1,0
IDN,1985,1,0,1,0,1,0,1,0,0,1,0
IDN,1986,1,0,1,0,1,0,0,0,0,1,0
IDN,1987,1,0,1,0,1,0,0,0,1,1,0
IDN,1988,1,0,1,0,1,0,0,0,1,1,0
IDN,1989,1,0,1,0,1,0,1,0,0,1,0
IDN,1990,1,0,1,0,1,0,0,0,0,1,0
IDN,1991,1,0,1,0,1,0,1,0,0,1,0
IDN,1992,1,0,1,0,1,0,0,0,1,1,0
IDN,1993,1,0,1,0,1,0,1,0,1,1,0
IDN,1994,1,0,1,0,1,0,1,0,0,0,0
IDN,1995,1,0,1,0,1,0,0,0,1,0,0
IDN,1996,1,0,1,0,1,0,1,0,1,1,0
IDN,1997,1,0,1,0,1,0,0,0,1,1,0
IDN,1998,0,1,0,0,1,0,0,0,1,1,0
IDN,1999,0,0,0,0,0,0,0,0,1,1,0
IDN,2000,1,0,1,0,1,0,0,0,1,1,0
IDN,2001,1,0,1,0,1,0,0,0,1,1,0
IDN,2002,1,0,1,0,1,0,0,0,1,1,0
IDN,2003,1,0,1,0,1,0,1,0,1,1,0
IDN,2004,1,0,1,0,1,1,0,0,1,1,0
IDN,2005,1,0,1,0,1,0,0,0,1,1,0
IDN,2006,1,0,1,0,1,0,1,0,1,1,0
IDN,2007,1,0,1,0,1,0,1,0,1,1,0
IDN,2008,1,0,1,0,1,0,0,0,1,1,0
IDN,2009,1,0,1,0,1,1,1,0,1,1,0
IDN,2010,1,0,1,0,1,1,1,0,1,1,0
IND,1975,1,0,0,0,0,1,0,0,0,1,0
IND,1976,0,0,0,0,1,1,0,0,0,1,0
IND,1977,1,0,0,0,1,1,0,0,0,1,0
IND,1978,1,0,0,0,1,1,0,0,0,1,0
IND,1979,0,0,0,0,1,1,0,0,0,1,0
IND,1980,1,0,0,0,0,1,0,0,0,1,0
IND,1981,1,0,0,0,1,1,0,0,0,1,0
IND,1982,1,0,0,0,1,1,0,0,0,1,0
IND,1983,1,0,0,0,1,1,0,0,1,1,0
IND,1984,0,0,0,0,1,1,0,0,1,1,0
IND,1985,1,0,1,0,1,1,0,0,0,1,0
IND,1986,1,0,0,0,1,1,0,0,1,1,0
IND,1987,1,0,0,0,1,1,0,0,1,1,0
IND,1988,1,0,1,0,1,1,0,0,1,1,0
IND,1989,1,0,1,0,1,1,0,0,0,1,0
IND,1990,1,0,1,0,1,1,0,0,0,1,0
IND,1991,0,0,0,0,1,1,0,0,1,1,0
IND,1992,1,0,1,0,1,1,0,0,1,1,0
IND,1993,1,0,1,0,1,1,0,0,0,1,0
IND,1994,1,0,1,0,1,1,0,0,1,1,0
IND,1995,1,0,1,0,1,1,0,0,1,1,0
IND,1996,1,0,1,0,1,1,0,0,1,1,0
IND,1997,0,0,1,0,1,1,0,0,1,1,0
IND,1998,1,0,1,0,1,1,0,0,1,1,0
IND,1999,1,0,1,0,1,1,0,0,1,1,0
IND,2000,0,0,1,0,1,1,0,0,1,1,0
IND,2001,1,0,1,0,1,1,0,0,0,1,0
IND,2002,1,0,1,0,1,1,0,0,1,1,0
IND,2003,1,0,1,0,1,1,0,0,1,1,0
IND,2004,1,0,1,0,1,1,0,0,1,1,0
IND,2005,1,0,1,0,1,1,0,0,1,1,0
IND,2006,1,0,1,0,1,1,0,0,1,1,0
IND,2007,1,0,1,0,1,1,0,0,1,1,0
IND,2008,1,0,1,0,1,1,0,0,1,1,0
IND,2009,1,0,1,0,1,1,0,0,1,1,0
IND,2010,1,0,1,0,1,1,0,0,1,1,0
IRL,1971,0,1,0,1,0,1,0,1,1,1,0
IRL,1972,1,1,0,1,0,1,0,1,1,1,0
IRL,1973,0,1,0,1,0,1,0,1,1,1,0
IRL,1974,1,1,0,1,0,1,0,1,1,1,0
IRL,1975,1,1,0,1,0,1,0,1,1,1,0
IRL,1976,0,1,0,1,0,0,0,1,1,1,1
IRL,1977,1,1,1,1,0,0,0,1,1,1,1
IRL,1978,1,1,1,1,0,0,0,1,0,1,1
IRL,1979,0,1,1,1,0,0,0,1,1,1,1
IRL,1980,0,1,1,1,0,1,0,1,1,1,1
IRL,1981,0,1,1,1,0,0,0,1,1,1,1
IRL,1982,1,1,1,1,0,0,0,1,1,1,1
IRL,1983,0,1,1,1,0,0,0,1,1,1,1
IRL,1984,1,1,0,1,0,0,0,1,1,0,1
IRL,1985,0,1,0,1,0,0,0,1,0,0,1
IRL,1986,0,1,0,1,0,0,1,1,0,0,1
IRL,1987,1,1,0,1,0,0,1,1,0,0,1
IRL,1988,1,1,0,1,0,0,1,1,0,0,1
IRL,1989,1,1,0,1,0,0,0,1,0,0,1
IRL,1990,1,1,0,1,0,0,1,1,0,0,1
IRL,1991,0,1,0,1,0,0,1,1,0,0,1
IRL,1992,1,1,0,1,0,0,1,1,0,0,1
IRL,1993,1,1,0,1,0,0,1,1,0,0,1
IRL,1994,1,1,0,1,0,0,1,1,0,0,1
IRL,1995,1,1,0,1,0,0,1,1,0,0,1
IRL,1996,1,1,0,1,1,0,1,1,0,0,1
IRL,1997,1,1,1,1,1,0,1,1,0,0,1
IRL,1998,1,1,1,1,1,0,1,1,0,0,1
IRL,1999,1,1,1,1,1,0,1,1,0,0,1
IRL,2000,1,1,1,1,1,0,1,0,1,0,1
IRL,2001,1,1,1,1,1,0,1,0,1,0,1
IRL,2002,1,1,1,1,1,0,1,1,1,0,1
IRL,2003,0,1,1,1,1,0,1,1,0,0,1
IRL,2004,0,1,1,1,1,0,1,1,0,0,1
IRL,2005,1,1,1,1,1,0,1,1,0,0,1
IRL,2006,1,1,1,1,1,0,1,1,0,0,1
IRL,2007,0,1,1,1,0,0,1,1,1,0,1
IRL,2008,0,1,0,1,0,0,1,1,0,1,1
IRL,2009,0,1,0,1,0,0,1,1,0,1,1
IRL,2010,0,1,0,1,0,0,1,1,0,1,1
IRN,1976,1,1,1,0,1,1,0,1,1,1,0
IRN,1977,0,1,1,0,1,1,0,1,1,1,0
IRN,1979,0,0,0,0,1,1,0,1,0,1,0
IRN,1980,0,0,1,0,1,1,0,1,1,1,0
IRN,1981,0,0,1,0,1,1,0,1,1,1,0
IRN,1982,1,0,0,0,0,1,0,1,1,1,0
IRN,1983,1,0,1,0,1,1,0,1,1,1,0
IRN,1984,0,0,1,0,1,1,0,1,1,1,0
IRN,1985,0,0,1,0,0,1,0,0,0,1,0
IRN,1986,0,0,1,0,1,1,0,0,1,1,0
IRN,1987,0,0,0,0,1,1,0,0,1,1,0
IRN,1988,0,0,0,0,0,1,0,0,1,1,0
IRN,1989,1,0,0,0,0,1,0,0,1,1,0
IRN,1990,1,0,1,0,1,1,0,0,0,1,0
IRN,1991,1,0,1,0,1,1,0,0,1,1,0
IRN,1992,1,0,1,0,1,1,0,0,1,1,0
IRN,1993,0,0,1,0,1,1,0,0,1,1,0
IRN,1994,0,0,0,0,1,1,0,0,1,1,0
IRN,1995,0,0,1,0,1,1,0,0,1,1,0
IRN,1996,1,0,1,0,1,1,0,0,1,1,0
IRN,1997,0,0,1,0,1,1,0,0,1,1,0
IRN,1998,0,0,1,0,1,1,0,0,1,1,0
IRN,1999,0,0,1,0,1,1,0,0,1,0,0
IRN,2000,1,0,1,0,1,1,0,0,1,0,0
IRN,2001,0,0,1,0,1,1,0,0,1,0,0
IRN,2002,1,0,1,0,1,1,0,0,1,0,1
IRN,2003,1,0,1,0,1,1,0,0,1,0,1
IRN,2004,0,0,1,0,1,1,0,0,1,0,1
IRN,2005,0,0,1,0,1,1,0,0,1,0,1
IRN,2006,1,0,1,0,1,1,0,0,1,0,1
IRN,2007,1,0,1,0,1,1,0,0,1,0,1
IRN,2008,0,0,1,0,1,1,0,0,1,0,1
IRN,2009,1,0,1,0,1,1,0,0,1,0,0
IRN,2010,1,0,1,0,1,1,0,0,1,0,0
ISL,1992,0,1,0,1,0,0,1,1,0,0,1
ISL,1993,0,1,0,1,1,0,1,1,0,0,1
ISL,1994,0,1,0,1,0,0,1,1,0,0,1
ISL,1995,0,0,0,1,0,0,1,1,0,0,1
ISL,1996,1,1,0,1,1,0,1,1,0,0,1
ISL,1997,1,0,0,1,1,0,1,1,0,0,1
ISL,1998,1,1,1,1,1,0,1,1,0,0,1
ISL,1999,1,1,1,1,0,0,1,1,1,0,1
ISL,2000,1,0,1,1,0,0,1,1,1,0,1
ISL,2001,1,1,1,1,1,0,1,1,1,0,1
ISL,2002,0,0,0,1,1,0,1,1,1,0,1
ISL,2003,0,0,0,1,0,0,1,1,0,0,1
ISL,2004,1,0,1,1,0,0,1,1,0,0,1
ISL,2005,1,0,1,1,0,0,1,1,0,0,1
ISL,2006,0,1,1,1,0,0,1,1,1,0,1
ISL,2007,1,0,1,1,0,0,1,1,1,0,1
ISL,2008,0,1,1,1,0,0,1,1,1,1,1
ISL,2009,0,1,0,1,0,0,1,1,1,1,1
ISL,2010,0,1,0,1,0,0,1,1,1,1,1
ISR,1979,1,1,1,1,0,0,0,1,1,1,1
ISR,1980,1,1,0,1,0,0,0,1,1,1,1
ISR,1981,1,1,0,1,0,0,1,1,1,1,1
ISR,1982,0,1,0,1,0,0,1,1,1,1,1
ISR,1983,1,1,1,1,0,0,1,1,1,1,1
ISR,1984,0,1,0,1,0,0,1,1,1,1,1
ISR,1985,0,1,0,1,0,0,1,1,1,1,1
ISR,1986,1,1,0,1,0,0,1,1,1,0,1
ISR,1987,1,1,0,1,0,0,1,1,1,0,1
ISR,1988,0,1,0,1,0,0,1,1,1,0,1
ISR,1989,0,1,0,1,0,0,1,1,1,0,1
ISR,1990,1,1,0,1,0,0,1,1,1,0,1
ISR,1991,1,1,1,1,0,0,1,1,1,0,1
ISR,1992,1,1,1,1,1,0,1,1,1,0,1
ISR,1993,1,1,1,1,0,0,1,1,1,0,1
ISR,1994,1,1,1,1,0,0,1,1,1,1,1
ISR,1995,1,0,1,1,0,0,1,1,1,1,1
ISR,1996,1,0,1,1,0,0,1,1,1,1,1
ISR,1997,0,0,1,1,0,0,1,1,1,1,1
ISR,1998,1,0,1,1,0,0,1,1,0,1,1
ISR,1999,1,0,1,1,0,0,1,1,1,1,1
ISR,2000,1,0,1,1,0,0,1,1,0,1,1
ISR,2001,0,0,1,1,0,0,1,1,0,1,1
ISR,2002,0,0,0,1,0,0,1,1,1,1,1
ISR,2003,0,1,0,1,0,0,1,1,0,1,1
ISR,2004,1,1,0,1,0,0,1,1,0,1,1
ISR,2005,1,1,0,1,0,1,1,1,0,1,1
ISR,2006,1,1,0,1,0,1,1,1,0,1,1
ISR,2007,1,1,0,1,0,0,1,1,0,1,1
ISR,2008,0,0,0,1,0,1,1,1,0,1,1
ISR,2009,1,0,0,1,0,1,1,1,1,1,1
ISR,2010,1,0,0,1,0,1,1,1,0,1,1
ITA,1970,0,0,0,0,1,1,0,1,0,0,0
ITA,1971,0,1,0,0,1,1,0,1,0,1,0
ITA,1972,0,0,0,0,1,1,0,1,0,1,0
ITA,1973,1,0,0,0,1,1,0,1,1,1,1
ITA,1974,1,0,0,0,1,1,0,1,1,0,1
ITA,1975,0,0,0,0,0,1,0,0,1,1,1
ITA,1976,1,0,1,1,1,0,0,0,1,0,1
ITA,1977,0,0,0,1,0,0,0,0,1,0,1
ITA,1978,0,0,0,1,1,1,0,1,1,0,1
ITA,1979,1,0,0,1,1,1,0,1,1,0,1
ITA,1980,1,0,1,1,0,0,0,1,1,0,1
ITA,1981,0,0,0,1,0,0,0,1,1,0,1
ITA,1982,0,0,0,0,0,0,0,1,1,0,1
ITA,1983,0,0,0,0,0,0,0,1,1,0,1
ITA,1984,0,0,1,1,0,0,0,1,1,0,1
ITA,1985,0,0,1,1,0,0,0,1,1,0,1
ITA,1986,0,0,0,1,0,0,1,1,0,0,1
ITA,1987,0,0,0,1,0,0,1,1,0,0,1
ITA,1988,0,0,0,1,0,0,1,1,0,0,1
ITA,1989,0,0,0,1,0,0,1,1,0,0,1
ITA,1990,0,0,0,1,0,0,1,1,0,0,1
ITA,1991,0,0,0,1,0,0,1,1,0,0,1
ITA,1992,0,0,1,1,0,0,1,1,0,0,1
ITA,1993,0,0,0,1,0,0,1,1,0,0,1
ITA,1994,0,0,0,1,0,0,1,1,0,0,1
ITA,1995,0,0,0,1,0,0,1,1,0,0,1
ITA,1996,0,0,0,1,1,0,1,1,0,0,1
ITA,1997,0,0,0,1,0,0,1,1,0,0,1
ITA,1998,0,0,0,1,0,0,1,1,0,0,1
ITA,1999,0,0,0,1,0,0,1,1,0,0,1
ITA,2000,0,0,0,1,0,0,1,1,0,0,1
ITA,2001,0,0,0,1,0,0,1,1,0,0,1
ITA,2002,0,0,0,1,0,0,1,1,0,0,1
ITA,2003,0,0,0,1,0,0,1,1,0,0,1
ITA,2004,0,0,0,1,0,0,1,1,0,0,1
ITA,2005,0,0,0,1,0,0,1,1,0,0,1
ITA,2006,0,0,0,1,0,0,1,1,0,0,1
ITA,2007,0,0,0,1,0,0,1,1,0,0,1
ITA,2008,0,0,0,1,0,0,1,1,0,0,1
ITA,2009,0,0,0,0,0,0,1,1,0,0,1
ITA,2010,0,0,0,0,0,0,1,1,0,0,1
JAM,1976,0,1,0,0,0,1,0,1,1,1,0
JAM,1977,0,1,0,1,0,1,0,1,1,1,0
JAM,1980,0,1,0,0,0,1,0,1,1,1,0
JAM,1984,0,1,0,0,0,1,0,1,1,1,0
JAM,1986,0,1,0,1,0,1,0,0,1,1,0
JAM,1987,1,1,0,1,0,1,0,0,0,0,0
JAM,1988,0,1,0,1,1,1,0,0,1,0,0
JAM,1989,1,1,0,1,1,1,0,0,1,0,0
JAM,1990,1,1,0,1,1,1,0,0,1,0,0
JAM,1991,1,1,0,1,1,1,0,0,1,0,0
JAM,1993,1,1,1,1,1,1,0,0,1,0,0
JAM,1994,0,1,1,1,1,1,0,0,1,1,0
JAM,1995,0,1,1,1,1,1,0,0,1,1,0
JAM,1996,0,1,1,1,1,1,0,0,1,1,0
JAM,1997,0,1,1,1,1,1,0,1,1,1,0
JAM,2002,0,1,1,1,0,1,0,0,1,1,0
JAM,2003,0,1,1,1,1,1,0,0,1,1,0
JAM,2004,0,1,1,1,1,1,0,0,1,1,0
JOR,1976,1,1,1,0,1,1,0,1,1,1,0
JOR,1977,1,1,1,0,1,1,0,1,1,1,0
JOR,1979,1,1,1,0,1,1,0,1,1,1,0
JOR,1980,1,1,1,0,1,1,0,1,0,1,0
JOR,1981,1,1,1,0,1,1,0,1,0,1,0
JOR,1982,1,1,1,0,1,1,0,1,0,1,0
JOR,1984,1,1,1,0,0,1,0,1,0,1,0
JOR,1985,1,1,0,0,0,0,0,1,0,1,0
JOR,1986,1,1,0,0,0,0,0,1,0,1,0
JOR,1987,0,1,0,0,0,0,0,1,0,1,0
JOR,1988,0,1,0,0,0,1,0,1,0,1,0
JOR,1989,0,1,0,0,1,1,0,1,1,1,0
JOR,1990,0,1,1,0,0,1,0,1,1,1,0
JOR,1991,0,1,1,0,0,1,0,1,0,1,0
JOR,1992,1,1,1,0,1,1,0,1,0,1,0
JOR,1993,1,1,1,0,1,1,0,1,0,1,0
JOR,1994,1,1,1,0,1,1,0,1,0,1,0
JOR,1995,1,1,1,0,1,1,0,1,0,1,0
JOR,1996,0,1,1,0,1,1,0,1,0,1,0
JOR,1997,0,1,1,0,1,0,0,1,0,1,0
JOR,1998,0,1,0,0,1,1,0,1,0,1,0
JOR,1999,0,1,0,0,1,1,0,1,0,1,0
JOR,2000,1,1,1,1,1,1,0,1,0,1,0
JOR,2001,1,1,0,1,1,1,0,1,0,1,0
JOR,2002,1,1,0,0,1,1,0,1,0,1,0
JOR,2003,1,1,0,1,1,1,0,1,0,1,0
JOR,2004,1,1,1,1,1,1,0,1,0,1,0
JOR,2005,1,1,1,1,0,1,0,1,0,1,0
JOR,2006,1,1,1,1,0,0,0,1,1,1,0
JOR,2007,1,1,1,1,0,1,0,1,1,1,0
JOR,2008,1,1,1,0,1,1,0,1,1,1,0
JOR,2009,1,1,1,0,1,1,1,1,0,1,0
JOR,2010,0,1,1,0,0,0,0,1,1,1,0
JPN,1970,0,0,1,1,1,0,1,0,1,0,0
JPN,1971,1,0,1,1,1,0,1,0,1,0,1
JPN,1972,1,0,1,1,1,0,1,0,0,0,1
JPN,1973,1,0,1,1,1,0,1,0,1,0,1
JPN,1974,0,0,1,1,1,0,1,0,1,0,1
JPN,1975,1,0,1,1,0,0,1,0,1,0,1
JPN,1976,0,0,1,1,0,0,1,0,0,0,1
JPN,1977,1,0,1,1,1,0,1,0,0,0,1
JPN,1978,1,0,1,1,1,0,1,0,0,0,1
JPN,1979,1,0,1,1,1,0,1,0,0,0,1
JPN,1980,0,0,1,1,1,0,1,0,0,0,1
JPN,1981,1,0,1,1,1,0,1,0,0,0,1
JPN,1982,1,0,1,1,1,0,1,0,0,0,1
JPN,1983,1,0,1,1,1,0,1,0,0,0,1
JPN,1984,1,0,1,1,1,0,1,0,0,0,1
JPN,1985,1,0,1,1,1,0,1,0,0,0,1
JPN,1986,0,0,1,1,1,0,1,0,0,0,1
JPN,1987,1,0,1,1,1,0,1,0,0,0,1
JPN,1988,1,0,1,1,1,0,1,0,0,0,1
JPN,1989,1,0,1,1,1,0,1,0,0,0,1
JPN,1990,1,0,1,1,1,0,1,0,0,0,1
JPN,1991,1,0,1,1,1,0,1,0,0,0,1
JPN,1992,0,0,1,1,1,0,1,0,0,0,1
JPN,1993,0,0,1,1,1,0,1,0,0,0,1
JPN,1994,0,0,1,1,1,0,1,0,0,0,1
JPN,1995,0,0,1,1,1,0,1,1,0,0,1
JPN,1996,0,0,1,1,1,0,1,1,0,0,1
JPN,1997,0,0,1,1,1,0,1,1,0,0,1
JPN,1998,0,0,1,1,1,0,1,1,0,0,1
JPN,1999,0,0,1,1,1,0,1,1,0,0,1
JPN,2000,0,0,1,1,1,0,1,1,0,0,1
JPN,2001,0,0,1,1,1,0,1,1,0,0,1
JPN,2002,0,0,1,1,0,0,1,1,0,0,1
JPN,2003,0,0,1,1,1,0,1,1,0,0,1
JPN,2004,0,0,1,1,1,0,1,1,0,0,1
JPN,2005,0,0,0,1,1,0,1,1,0,0,1
JPN,2006,0,0,0,1,1,0,1,1,0,0,1
JPN,2007,0,0,0,1,1,0,1,1,0,0,1
JPN,2008,0,0,0,1,0,0,1,1,0,0,1
JPN,2009,0,0,0,1,0,0,1,1,0,0,1
JPN,2010,1,0,0,1,0,0,1,1,0,0,1
KAZ,1994,0,1,1,1,1,0,0,0,1,0,0
KAZ,1995,0,1,0,1,0,0,0,0,1,0,0
KAZ,1996,0,1,0,1,1,1,0,0,1,0,0
KAZ,1997,0,1,0,1,0,0,0,0,1,0,0
KAZ,1998,0,0,0,1,0,0,0,0,1,0,0
KAZ,1999,0,1,0,1,0,0,0,0,1,0,0
KAZ,2000,1,1,0,1,1,0,0,0,1,0,0
KAZ,2001,1,1,1,1,1,0,0,0,1,0,0
KAZ,2002,1,1,1,1,1,0,0,0,1,0,0
KAZ,2003,1,1,1,1,1,1,0,0,1,0,0
KAZ,2004,1,1,1,1,1,0,0,0,1,1,1
KAZ,2005,1,1,1,1,1,0,0,0,1,1,1
KAZ,2006,1,1,1,1,1,0,1,0,1,1,1
KAZ,2007,1,1,1,1,1,0,1,0,1,1,1
KAZ,2008,1,1,1,1,1,0,0,0,1,1,1
KAZ,2009,1,1,1,1,1,0,0,0,1,1,1
KAZ,2010,1,1,1,1,1,0,0,0,1,1,1
KEN,1976,0,1,0,0,0,1,1,1,1,1,0
KEN,1977,1,1,0,0,1,1,1,1,1,1,0
KEN,1978,1,1,1,0,0,1,1,1,1,1,0
KEN,1979,1,1,0,0,0,1,1,1,0,1,0
KEN,1980,1,1,0,0,0,1,1,1,1,1,0
KEN,1982,0,1,0,0,0,1,1,1,1,1,0
KEN,1983,0,0,0,0,1,1,1,1,1,1,0
KEN,1984,0,1,0,0,0,1,1,1,1,1,0
KEN,1985,1,1,1,0,1,1,1,1,1,1,0
KEN,1986,1,1,1,0,0,1,1,1,0,1,0
KEN,1987,1,0,1,0,0,1,1,1,1,1,0
KEN,1988,1,0,1,0,0,1,1,1,1,1,0
KEN,1989,1,0,0,0,0,1,1,1,1,1,0
KEN,1990,1,1,1,0,0,1,1,1,1,1,0
KEN,1991,0,1,1,0,0,1,1,1,1,1,0
KEN,1992,0,0,0,0,0,1,1,0,1,1,0
KEN,1993,0,1,0,0,1,1,0,0,1,1,0
KEN,1994,0,1,0,0,1,1,0,0,1,1,0
KEN,1995,1,1,0,0,0,1,1,0,0,1,0
KEN,1996,1,0,0,0,0,1,0,1,1,1,0
KEN,1997,0,0,0,0,0,1,0,1,1,1,0
KEN,1998,0,0,0,0,0,1,1,1,1,1,0
KEN,1999,0,0,0,0,1,1,1,1,1,1,0
KEN,2000,0,0,0,0,0,1,1,1,1,1,0
KEN,2001,1,0,0,0,0,1,1,1,1,1,0
KEN,2002,0,0,0,0,0,1,1,1,0,1,0
KEN,2003,0,0,0,0,0,1,1,1,1,1,0
KEN,2004,1,0,0,0,0,0,1,1,1,1,0
KEN,2005,1,0,0,0,0,1,0,1,1,1,0
KEN,2006,1,0,0,0,0,1,0,0,1,1,0
KEN,2007,1,0,0,0,0,1,0,0,1,1,0
KGZ,1996,1,1,1,1,0,1,1,1,1,1,0
KGZ,1997,1,1,0,1,0,1,0,1,1,1,0
KGZ,1998,0,1,0,1,0,1,0,1,1,1,0
KGZ,1999,1,1,0,1,0,1,0,1,1,1,0
KGZ,2000,1,1,0,1,0,1,0,1,1,1,0
KGZ,2001,1,1,0,1,0,0,0,1,1,1,0
KGZ,2002,0,1,0,1,0,0,0,1,0,1,0
KGZ,2003,1,1,0,1,0,0,0,1,0,1,0
KGZ,2004,1,1,0,1,1,0,0,1,1,1,0
KGZ,2005,0,1,0,1,1,0,0,1,1,1,0
KGZ,2006,0,1,1,1,0,1,0,1,1,1,0
KGZ,2007,1,1,0,1,0,1,1,1,1,1,0
KGZ,2008,1,1,0,1,0,0,1,1,1,1,0
KGZ,2009,1,1,1,1,1,0,1,1,1,1,0
KGZ,2010,0,1,1,1,1,0,1,1,1,1,0
KHM,1995,1,1,0,0,0,0,0,0,0,1,0
KHM,1996,1,1,0,0,0,0,0,0,0,1,0
KHM,1997,1,1,0,0,0,1,0,0,1,1,0
KHM,1998,1,1,0,0,0,1,0,0,1,1,0
KHM,1999,1,1,0,0,0,1,0,0,1,1,0
KHM,2000,1,1,0,0,0,1,0,0,0,1,0
KHM,2001,1,1,0,0,0,1,0,0,0,1,0
KHM,2002,1,1,0,0,0,1,0,0,1,1,0
KHM,2003,1,1,0,0,0,1,0,0,0,1,0
KHM,2004,1,1,0,0,0,1,0,0,1,1,0
KHM,2005,1,1,0,0,0,1,0,0,1,1,0
KHM,2006,1,1,0,0,1,1,0,0,1,1,0
KHM,2007,1,1,0,0,0,1,0,0,1,1,0
KHM,2008,1,1,0,0,0,1,0,0,1,1,0
KHM,2009,1,1,0,0,0,1,0,0,0,1,0
KOR,1970,1,1,0,0,0,1,0,0,1,1,0
KOR,1971,1,1,0,0,0,1,0,0,1,1,0
KOR,1972,1,0,0,0,0,0,0,0,1,1,0
KOR,1973,1,1,0,1,0,1,0,0,0,1,0
KOR,1974,1,1,1,1,0,1,0,0,1,1,0
KOR,1975,1,1,1,1,0,0,0,0,1,1,0
KOR,1976,1,1,0,1,0,1,0,0,1,1,0
KOR,1977,1,1,1,1,1,0,0,0,0,0,0
KOR,1978,1,1,1,1,1,1,0,0,1,1,0
KOR,1979,1,1,1,1,1,0,0,0,1,1,0
KOR,1980,0,1,1,1,1,1,0,0,1,1,0
KOR,1981,1,1,1,1,1,1,0,0,1,0,0
KOR,1982,1,1,1,1,1,1,0,0,0,0,0
KOR,1983,1,1,1,1,1,0,0,0,0,0,0
KOR,1984,1,1,1,1,1,0,0,0,0,0,0
KOR,1985,1,1,1,1,1,0,0,0,0,0,0
KOR,1986,1,1,1,1,1,0,0,0,0,0,1
KOR,1987,1,1,1,1,1,0,0,0,0,0,1
KOR,1988,1,1,1,1,1,0,0,0,0,0,1
KOR,1989,1,1,1,1,1,0,0,0,0,0,1
KOR,1990,1,0,1,1,1,0,1,0,0,0,1
KOR,1991,1,0,1,1,1,0,1,0,0,0,1
KOR,1992,1,0,1,1,1,0,0,0,0,0,1
KOR,1993,1,0,1,1,1,0,1,0,0,0,1
KOR,1994,1,0,1,1,1,0,1,0,0,0,1
KOR,1995,1,0,1,1,1,0,1,0,0,0,1
KOR,1996,1,0,1,1,1,0,1,0,0,0,1
KOR,1997,1,0,1,1,1,0,1,0,0,0,1
KOR,1998,0,1,1,1,1,0,0,0,1,0,1
KOR,1999,1,0,1,1,1,0,0,0,0,0,1
KOR,2000,1,0,1,1,1,0,1,0,0,0,1
KOR,2001,1,0,1,1,1,0,1,0,0,0,1
KOR,2002,1,0,1,1,1,0,1,0,0,0,1
KOR,2003,0,0,1,1,1,0,1,0,0,0,1
KOR,2004,0,0,1,1,1,0,1,0,0,0,1
KOR,2005,0,0,1,1,1,0,1,0,0,0,1
KOR,2006,0,0,1,1,1,0,1,0,0,0,1
KOR,2007,0,0,1,1,1,0,1,0,0,0,1
KOR,2008,0,1,1,1,1,0,0,0,0,0,1
KOR,2009,1,1,1,1,1,0,0,0,0,0,1
KOR,2010,1,1,1,1,1,0,0,0,0,0,1
LAO,2000,1,1,0,0,0,0,0,0,1,1,0
LAO,2001,1,0,0,0,0,0,0,0,1,1,0
LAO,2002,1,0,0,0,0,0,0,0,1,1,0
LAO,2003,1,0,0,0,0,0,0,0,1,1,0
LAO,2004,1,1,1,0,0,0,0,0,1,1,0
LAO,2005,1,1,1,0,0,0,0,0,1,1,0
LAO,2006,1,1,1,0,0,0,0,0,1,1,0
LAO,2007,1,1,1,0,0,0,0,0,0,1,0
LAO,2008,1,0,1,0,0,1,0,0,0,1,0
LBR,2007,1,1,0,0,0,1,0,0,1,1,0
LKA,1979,1,1,1,1,1,1,0,0,1,1,0
LKA,1980,1,1,1,1,1,1,0,0,1,1,0
LKA,1981,1,1,1,1,0,1,0,0,1,1,0
LKA,1982,1,1,1,1,1,1,0,0,0,1,0
LKA,1983,1,1,1,1,1,1,0,0,1,1,0
LKA,1984,1,1,1,1,1,1,0,0,1,1,0
LKA,1985,1,1,1,1,0,1,0,0,0,1,0
LKA,1986,1,1,1,1,0,0,0,0,1,0,0
LKA,1987,0,1,1,1,0,1,0,0,0,0,0
LKA,1988,0,1,1,1,0,0,0,0,1,0,0
LKA,1989,0,1,0,1,0,0,0,0,1,0,0
LKA,1990,1,1,0,1,1,0,0,0,1,0,0
LKA,1991,1,1,1,1,1,0,0,0,1,0,0
LKA,1992,1,1,1,1,1,0,0,0,1,0,0
LKA,1993,1,1,1,1,1,0,0,0,1,0,0
LKA,1994,1,1,1,1,1,1,0,0,0,0,0
LKA,1995,1,1,1,1,1,1,0,0,0,0,0
LKA,1996,0,1,1,1,1,1,0,0,1,0,0
LKA,1997,1,1,1,1,1,0,0,0,1,0,0
LKA,1998,1,1,1,1,1,0,0,0,1,0,0
LKA,1999,1,1,1,1,1,0,0,0,1,0,0
LKA,2000,1,1,1,1,1,0,0,0,1,0,0
LKA,2001,0,1,0,1,1,0,0,0,1,0,0
LKA,2002,1,1,1,1,1,1,0,0,1,1,0
LKA,2003,1,1,1,1,1,1,0,0,1,1,0
LKA,2004,1,1,1,1,1,1,0,0,1,1,0
LKA,2005,1,0,1,1,1,1,0,0,1,1,0
LKA,2006,1,0,1,1,1,1,0,1,1,1,0
LKA,2007,1,0,1,1,1,1,0,0,1,1,0
LKA,2008,1,0,1,1,0,1,0,1,1,1,0
LKA,2009,1,0,1,1,1,1,0,1,1,1,0
LKA,2010,1,0,1,1,1,1,0,0,1,1,0
LSO,1986,1,1,1,0,1,1,0,1,1,1,0
LSO,1987,0,1,1,0,1,1,0,1,1,1,0
LSO,1988,1,1,1,0,1,1,0,1,1,1,0
LSO,1989,1,1,1,0,1,1,0,1,1,1,0
LSO,1990,1,1,1,0,1,1,0,1,1,1,0
LSO,1991,1,1,1,0,1,1,1,1,1,1,0
LSO,1992,1,1,1,0,1,1,1,1,1,1,0
LSO,1993,1,1,1,0,1,1,1,1,1,1,0
LSO,1994,1,1,1,0,1,1,1,1,0,1,0
LSO,1995,0,1,1,0,1,1,1,1,1,1,0
LSO,1996,1,1,1,0,1,1,1,1,1,1,0
LSO,2000,1,1,1,0,1,1,0,1,1,1,0
LSO,2001,1,1,1,0,1,1,0,1,0,1,0
LSO,2002,0,1,1,0,1,1,0,1,1,1,0
LSO,2003,1,1,1,0,1,1,1,1,1,1,0
LTU,1996,1,1,0,1,0,0,1,1,1,0,1
LTU,1997,1,1,1,1,0,0,1,1,1,0,1
LTU,1998,1,1,1,1,0,0,1,1,0,0,1
LTU,1999,0,1,1,1,0,0,1,1,0,0,1
LTU,2000,0,1,0,1,0,0,1,1,0,0,1
LTU,2001,1,1,0,1,0,0,1,1,0,0,1
LTU,2002,1,1,0,1,0,0,1,1,0,0,1
LTU,2003,1,1,1,1,0,0,1,1,0,0,1
LTU,2004,1,1,1,1,0,0,1,1,0,0,1
LTU,2005,1,1,1,1,0,0,1,1,0,0,1
LTU,2006,1,1,1,1,0,0,1,1,0,0,1
LTU,2007,1,1,1,1,0,0,1,1,1,0,1
LTU,2008,0,1,1,1,0,0,1,1,1,0,1
LTU,2009,0,1,0,1,0,0,0,1,1,0,1
LTU,2010,0,1,0,1,0,1,0,1,0,0,1
LUX,1980,0,1,0,1,0,0,1,0,0,0,1
LUX,1981,0,1,0,1,0,0,1,1,0,0,1
LUX,1982,0,1,0,1,0,0,0,0,0,0,1
LUX,1983,1,1,0,1,0,0,0,0,0,0,1
LUX,1984,1,1,0,1,0,0,0,0,0,0,1
LUX,1985,0,1,0,1,1,0,0,0,0,0,1
LUX,1986,1,1,0,1,1,0,1,0,0,0,1
LUX,1987,1,1,0,1,1,0,1,1,0,0,1
LUX,1988,1,1,0,1,1,0,1,0,0,0,1
LUX,1989,1,1,0,1,1,0,1,0,0,0,1
LUX,1990,1,1,0,1,1,0,1,0,0,0,1
LUX,1991,1,1,1,1,1,0,1,0,0,0,1
LUX,1992,0,1,1,1,1,0,1,0,0,0,1
LUX,1993,1,1,1,1,1,0,1,0,0,0,1
LUX,1994,0,1,0,1,1,0,1,0,0,0,1
LUX,1995,0,1,0,1,1,0,1,1,0,0,1
LUX,1996,0,1,0,1,1,0,1,1,0,0,1
LUX,1997,1,1,0,1,1,0,1,1,0,0,1
LUX,1998,1,1,1,1,1,0,1,1,0,0,1
LUX,1999,1,1,1,1,1,0,1,0,0,0,1
LUX,2000,1,1,0,1,1,0,1,0,0,0,1
LUX,2001,0,1,1,1,1,0,1,0,0,0,1
LUX,2002,1,1,0,1,1,0,1,1,0,0,1
LUX,2003,0,1,1,1,1,0,1,1,0,0,1
LUX,2004,0,1,0,1,1,0,1,1,0,0,1
LUX,2005,0,1,0,1,1,0,1,1,0,0,1
LUX,2006,0,1,0,1,1,0,1,0,0,0,1
LUX,2007,1,1,0,1,1,0,1,0,0,0,1
LUX,2008,0,1,0,1,1,0,1,0,0,0,1
LUX,2009,0,1,0,1,1,0,1,0,0,0,1
LUX,2010,1,1,0,1,1,0,1,0,0,0,1
LVA,1996,0,1,0,1,0,0,0,1,1,0,1
LVA,1997,1,1,0,1,0,0,1,1,1,0,1
LVA,1998,1,1,1,1,0,0,1,1,0,0,1
LVA,1999,0,1,1,1,0,0,1,1,0,0,1
LVA,2000,1,1,1,1,1,0,1,1,0,0,1
LVA,2001,1,1,1,1,1,0,1,1,0,0,1
LVA,2002,1,1,1,1,1,0,1,1,0,0,1
LVA,2003,1,1,1,1,1,0,1,1,0,0,1
LVA,2004,1,1,1,1,1,1,1,1,1,0,1
LVA,2005,1,1,1,1,1,0,1,1,1,0,1
LVA,2006,1,1,1,1,0,0,1,1,1,0,1
LVA,2007,1,1,1,1,0,0,1,1,1,0,1
LVA,2008,0,1,1,1,1,1,1,1,1,0,1
LVA,2009,0,1,1,1,1,1,1,1,1,0,1
LVA,2010,0,1,0,1,1,1,1,1,0,0,1
MAR,1975,1,1,0,0,1,1,0,0,0,1,0
MAR,1976,1,1,1,0,0,1,0,1,0,1,0
MAR,1977,1,1,1,0,0,1,0,1,1,1,0
MAR,1978,0,1,1,0,0,1,0,1,1,1,0
MAR,1979,1,0,0,0,0,1,1,1,0,1,0
MAR,1980,1,0,1,0,1,1,0,1,0,1,0
MAR,1981,0,1,1,0,0,1,0,1,0,1,0
MAR,1984,1,1,1,0,1,1,0,1,1,1,0
MAR,1985,1,1,1,0,1,1,0,1,1,1,0
MAR,1986,1,0,1,0,1,1,0,1,1,1,0
MAR,1987,0,0,1,0,1,1,0,1,0,1,0
MAR,1988,1,0,0,0,1,1,0,1,0,1,0
MAR,1989,0,0,1,0,1,0,0,1,0,1,0
MAR,1990,0,1,1,0,1,1,0,1,0,1,0
MAR,1991,1,0,1,0,1,1,0,1,0,1,0
MAR,1992,0,0,1,0,1,1,0,1,0,1,0
MAR,1993,0,0,1,0,1,1,0,1,0,1,0
MAR,1994,1,0,1,0,1,1,1,1,0,1,0
MAR,1995,0,0,1,0,1,0,1,1,0,1,0
MAR,1996,1,0,1,0,1,1,1,1,0,1,0
MAR,1997,0,0,1,0,1,1,0,1,0,1,0
MAR,1998,1,0,1,0,1,1,0,1,0,1,0
MAR,1999,0,0,1,0,1,1,1,1,0,1,0
MAR,2000,0,0,1,0,1,1,0,1,0,1,0
MAR,2001,1,0,1,0,1,1,0,1,0,1,0
MAR,2002,0,0,1,0,1,0,0,1,0,1,0
MAR,2003,1,0,1,0,1,0,0,1,0,1,0
MAR,2004,0,0,1,0,1,1,1,1,0,1,0
MAR,2005,0,0,1,0,1,1,0,1,0,1,0
MAR,2006,1,0,1,0,1,1,0,1,0,1,0
MAR,2007,0,0,1,0,1,1,0,1,0,1,0
MDA,1995,0,1,1,1,1,0,0,1,1,0,0
MDA,1996,0,1,1,1,0,0,0,1,1,0,0
MDA,1997,0,1,1,1,0,1,0,1,1,0,0
MDA,1998,0,1,1,1,0,0,0,0,1,0,0
MDA,1999,0,1,1,1,1,0,0,0,1,0,0
MDA,2000,0,1,1,1,0,1,0,0,1,0,0
MDA,2001,1,1,0,1,1,1,0,0,1,0,0
MDA,2002,1,1,1,1,1,1,0,1,1,0,0
MDA,2003,1,1,1,1,0,1,0,1,1,0,0
MDA,2004,1,1,1,1,1,1,0,0,1,0,0
MDA,2005,1,1,1,1,1,1,0,0,1,0,0
MDA,2006,0,1,1,1,1,1,0,1,1,0,0
MDA,2007,0,1,1,1,1,1,1,1,1,0,0
MDA,2008,1,1,1,1,1,0,1,1,1,0,0
MDA,2009,0,1,1,1,0,1,1,1,0,0,0
MDA,2010,1,1,1,1,0,0,0,1,1,0,0
MEX,1970,1,0,0,0,0,1,0,0,1,1,0
MEX,1971,0,0,0,0,0,1,0,0,0,1,0
MEX,1972,1,0,0,0,0,1,0,0,0,1,0
MEX,1973,1,0,0,0,0,1,0,0,1,1,0
MEX,1974,1,0,0,0,0,1,0,0,1,1,0
MEX,1975,1,0,0,0,0,1,0,0,1,1,0
MEX,1976,0,0,0,0,0,1,0,0,1,1,0
MEX,1977,0,0,0,0,0,1,0,0,1,1,1
MEX,1978,1,0,0,0,0,1,0,0,1,1,0
MEX,1979,1,0,1,0,1,1,0,0,1,1,1
MEX,1980,1,0,1,0,1,1,0,0,1,1,0
MEX,1981,1,0,1,0,1,1,0,0,1,1,1
MEX,1982,0,0,0,0,1,1,0,0,1,1,0
MEX,1983,0,0,0,0,1,1,0,0,1,1,1
MEX,1984,0,0,0,0,1,1,1,0,1,1,1
MEX,1985,0,0,0,0,1,1,1,0,1,1,1
MEX,1986,0,0,0,0,0,1,0,0,1,1,1
MEX,1987,0,0,0,0,1,1,0,0,1,1,1
MEX,1988,0,0,0,0,0,1,0,0,1,1,1
MEX,1989,1,0,0,0,0,1,0,0,1,1,1
MEX,1990,1,0,0,0,0,1,0,0,1,1,1
MEX,1991,1,0,0,0,0,1,1,0,1,1,1
MEX,1992,1,0,1,0,0,1,1,0,1,1,1
MEX,1993,1,0,0,0,0,1,1,0,1,1,1
MEX,1994,1,0,0,0,0,1,1,0,0,1,1
MEX,1995,0,0,0,0,0,1,0,0,1,1,1
MEX,1996,1,0,0,0,0,1,0,0,1,1,1
MEX,1997,1,0,0,0,1,1,1,0,1,1,1
MEX,1998,1,0,0,0,0,1,1,0,1,1,1
MEX,1999,0,0,1,0,0,1,1,0,1,1,1
MEX,2000,1,0,1,0,0,1,1,0,1,1,1
MEX,2001,0,0,0,0,0,1,1,0,1,1,1
MEX,2002,0,0,0,0,0,1,1,0,1,1,1
MEX,2003,0,0,1,0,0,1,1,0,1,1,1
MEX,2004,0,0,1,0,1,1,1,0,1,1,1
MEX,2005,0,0,0,0,0,1,1,0,0,1,1
MEX,2006,0,0,1,0,1,1,1,0,0,1,1
MEX,2007,0,0,0,0,0,1,1,0,0,1,1
MEX,2008,0,0,0,0,1,1,1,0,0,1,1
MEX,2009,0,0,1,0,1,1,1,0,1,1,1
MEX,2010,1,0,0,0,0,1,1,0,1,1,0
MLI,1989,1,0,0,0,0,1,0,1,0,1,0
MLI,1990,0,0,0,0,0,1,0,1,0,1,0
MLI,1991,1,0,0,0,0,1,0,0,0,1,0
MLI,1992,0,0,0,0,0,1,0,0,0,1,0
MLI,1993,1,0,0,0,0,1,0,0,0,1,0
MLI,1994,0,0,1,0,0,1,0,0,1,1,0
MLI,1995,0,0,1,0,0,1,0,0,1,1,0
MLI,1996,1,0,0,0,0,1,0,0,0,1,0
MLI,1997,1,0,1,0,0,1,0,0,0,1,0
MLI,1998,1,0,0,0,0,1,0,1,0,1,0
MLI,1999,1,0,0,0,0,1,0,1,0,1,0
MLI,2000,0,0,0,0,0,1,1,1,0,1,0
MLI,2001,1,0,1,0,0,1,0,1,1,1,0
MLI,2002,1,0,1,0,1,1,0,1,1,1,0
MLI,2003,1,0,1,0,1,1,1,1,0,1,0
MLI,2004,0,0,1,0,0,1,1,1,0,1,0
MLI,2005,1,0,1,0,0,1,1,1,1,1,0
MLI,2006,1,0,0,0,1,1,0,1,0,1,0
MLI,2007,0,0,0,0,0,1,0,1,0,1,0
MLI,2008,1,0,1,0,1,1,0,1,1,1,0
MLI,2009,1,0,1,0,1,0,0,0,0,1,0
MLI,2010,1,0,1,0,1,0,0,1,0,1,0
MLT,2000,1,1,1,1,1,0,1,1,0,0,1
MLT,2001,0,1,0,1,0,0,1,1,0,0,1
MLT,2002,0,1,0,1,0,0,1,1,0,0,1
MLT,2003,0,1,0,1,0,0,1,1,0,0,1
MLT,2004,0,1,0,1,0,0,1,1,0,0,1
MLT,2005,0,1,0,1,0,0,1,1,0,0,1
MLT,2006,0,1,0,1,0,0,1,1,0,0,1
MLT,2007,0,1,0,1,0,0,1,1,0,0,1
MLT,2008,1,1,0,1,0,0,1,1,0,0,1
MLT,2009,0,1,0,1,0,0,1,1,0,0,1
MLT,2010,1,1,0,1,0,0,1,1,0,0,1
MNG,1993,0,1,1,1,1,0,0,1,1,1,0
MNG,1994,0,1,1,1,0,0,0,1,1,1,0
MNG,1995,1,1,1,0,1,0,0,0,0,1,0
MNG,1996,0,1,1,0,1,0,0,0,1,0,0
MNG,1997,0,1,1,0,1,0,0,0,1,0,0
MNG,1998,0,1,1,0,1,1,0,1,1,0,0
MNG,1999,0,1,1,0,1,0,0,0,1,0,0
MNG,2000,0,1,1,0,1,0,0,1,1,0,0
MNG,2001,1,1,1,0,0,0,0,1,1,0,0
MNG,2002,1,1,1,0,0,0,0,1,0,0,0
MNG,2003,1,1,1,0,1,0,0,0,1,0,0
MNG,2004,1,1,1,0,1,0,0,0,1,0,0
MNG,2005,1,1,1,0,1,0,0,0,1,0,0
MNG,2006,1,1,1,0,1,0,0,0,1,1,0
MNG,2007,1,1,1,0,1,0,0,0,1,1,0
MNG,2008,1,1,1,0,1,0,0,0,1,1,0
MNG,2009,1,1,1,0,1,0,0,0,1,1,0
MNG,2010,1,1,1,0,1,0,0,0,1,1,0
MOZ,1996,1,0,0,0,0,1,1,0,1,1,0
MOZ,1997,1,0,0,0,0,1,1,0,1,1,0
MOZ,1998,1,0,1,0,0,1,1,1,0,1,0
MOZ,1999,1,0,1,0,1,1,1,1,0,1,0
MOZ,2000,0,0,1,0,0,1,1,1,1,1,0
MOZ,2001,1,0,1,0,0,1,1,1,1,1,0
MOZ,2002,1,1,1,0,0,1,1,1,1,1,0
MOZ,2003,1,1,1,0,0,1,1,1,1,1,0
MOZ,2004,1,0,1,0,0,1,1,1,1,1,0
MOZ,2005,1,1,0,0,0,1,1,1,1,1,0
MOZ,2006,1,0,0,0,0,1,1,1,1,1,0
MOZ,2007,1,0,0,0,0,1,0,1,1,1,0
MOZ,2008,1,0,0,0,0,1,0,1,1,1,0
MRT,1987,0,1,1,0,0,1,1,1,1,1,0
MRT,1988,0,1,1,0,0,1,1,1,0,1,0
MRT,1989,1,1,0,0,0,1,1,1,1,1,0
MRT,1990,0,1,0,0,0,1,1,1,0,1,0
MRT,1991,0,1,0,0,0,1,1,1,0,1,0
MRT,1992,0,1,0,0,1,1,1,0,1,1,0
MRT,1993,1,1,0,0,0,1,1,0,1,1,0
MRT,1994,0,1,1,0,1,1,1,0,0,1,0
MRT,1995,1,1,0,0,1,0,1,0,0,1,0
MRT,1996,1,1,0,0,1,0,1,0,0,1,0
MRT,1997,0,1,0,0,1,0,1,0,0,1,0
MRT,1998,0,0,0,0,1,0,0,1,1,1,0
MRT,1999,1,0,0,0,1,0,0,1,1,1,0
MRT,2000,0,1,0,0,0,1,0,1,0,1,0
MRT,2001,0,1,1,0,0,0,0,1,1,1,0
MRT,2002,0,1,0,0,0,0,0,1,1,1,0
MRT,2003,1,0,1,0,0,0,0,1,1,1,0
MRT,2004,1,1,1,0,0,0,0,1,1,1,0
MRT,2005,1,1,1,0,1,0,0,1,1,1,0
MRT,2006,1,1,1,0,1,0,0,1,1,1,0
MRT,2007,0,1,1,0,1,0,0,1,1,1,0
MRT,2008,0,1,1,0,1,1,0,1,0,1,0
MUS,1980,0,1,0,0,0,1,0,0,1,0,0
MUS,1981,1,1,0,0,0,1,0,0,1,0,0
MUS,1982,1,1,0,0,0,1,0,0,1,1,0
MUS,1984,1,1,0,0,0,1,0,0,0,0,0
MUS,1985,1,1,1,0,1,1,0,0,1,0,0
MUS,1986,1,1,1,0,1,1,0,0,0,0,0
MUS,1987,1,1,1,0,1,0,0,0,0,0,1
MUS,1988,1,1,1,0,1,0,0,0,1,0,1
MUS,1989,1,1,1,0,1,1,0,0,1,0,1
MUS,1990,1,1,1,0,1,1,0,0,1,0,1
MUS,1991,1,1,1,0,1,0,0,0,0,0,1
MUS,1992,1,1,1,0,1,1,0,0,0,0,1
MUS,1993,1,1,1,0,1,0,0,0,1,0,1
MUS,1994,1,1,1,0,1,1,0,0,0,0,1
MUS,1995,1,1,1,0,1,0,1,0,0,0,1
MUS,1996,1,1,1,0,1,1,1,1,0,0,1
MUS,1997,1,1,1,0,1,1,0,0,1,0,1
MUS,1998,1,1,1,0,1,1,0,0,1,0,1
MUS,1999,0,1,1,0,1,1,0,0,1,0,1
MUS,2000,1,1,1,0,1,1,0,0,1,0,1
MUS,2001,0,1,0,0,1,1,1,0,1,0,1
MUS,2002,0,1,1,0,1,1,0,0,1,0,1
MUS,2003,0,1,1,0,1,1,1,0,1,0,1
MUS,2004,1,1,1,0,1,1,0,0,1,0,1
MUS,2005,0,1,1,0,0,1,1,0,1,0,1
MUS,2006,0,1,1,0,0,1,0,0,1,0,1
MUS,2007,1,1,1,0,1,1,0,0,1,0,1
MWI,1985,1,0,0,0,0,1,0,1,1,1,0
MWI,1986,0,0,0,0,0,1,0,1,1,1,0
MWI,1987,0,1,0,0,0,1,0,1,1,1,0
MWI,1988,0,1,0,0,0,1,0,1,1,1,0
MWI,1989,0,1,0,0,0,1,0,1,1,1,0
MWI,1990,1,1,0,0,0,1,0,0,1,1,0
MWI,1991,1,0,0,0,0,1,0,0,1,1,0
MWI,1992,0,1,0,0,0,1,0,0,1,1,0
MWI,1993,1,0,0,0,0,1,0,0,1,1,0
MWI,1994,0,1,0,0,0,1,0,1,1,1,0
MWI,1995,1,1,0,0,0,1,0,1,1,1,0
MWI,1996,1,0,0,0,0,1,0,0,1,1,0
MWI,1997,0,0,0,0,0,1,1,1,1,1,0
MWI,1998,1,0,0,0,0,1,0,0,1,1,0
MWI,1999,0,1,0,0,0,1,0,0,1,1,0
MWI,2000,0,0,0,0,0,1,0,0,1,1,0
MWI,2001,0,0,0,0,0,1,0,1,1,1,0
MWI,2002,0,0,0,0,0,1,1,0,1,1,0
MWI,2003,1,0,0,0,0,1,0,0,1,1,0
MWI,2004,0,0,0,0,0,1,0,0,1,1,0
MWI,2005,0,1,0,0,0,1,0,0,1,1,0
MWI,2006,0,0,0,0,0,1,0,0,1,1,0
MWI,2007,1,0,1,0,1,1,0,0,1,1,0
MWI,2008,1,0,1,0,0,1,0,1,1,1,0
MWI,2009,1,0,1,0,1,1,0,1,1,1,0
MWI,2010,1,1,1,0,1,1,0,1,1,1,0
MYS,1974,1,1,0,0,1,1,0,1,1,1,0
MYS,1975,0,1,0,0,1,1,0,1,0,1,0
MYS,1976,1,1,0,0,1,1,1,1,0,1,0
MYS,1977,1,1,0,0,1,1,0,1,0,1,0
MYS,1978,1,1,1,0,1,1,0,1,0,1,0
MYS,1979,1,1,1,0,1,1,1,0,0,1,0
MYS,1982,1,1,1,0,1,1,0,1,0,1,0
MYS,1983,1,1,1,0,1,1,0,0,0,1,0
MYS,1984,1,1,1,1,1,1,1,0,0,1,1
MYS,1985,0,1,1,0,1,1,1,0,0,1,0
MYS,1986,0,1,1,1,1,1,1,1,0,1,0
MYS,1987,1,1,1,1,1,1,0,0,0,1,0
MYS,1988,1,1,1,0,1,1,0,0,0,1,1
MYS,1989,1,1,1,0,1,1,0,0,0,1,1
MYS,1990,1,1,1,0,1,1,0,0,0,1,1
MYS,1991,1,1,1,1,1,1,0,0,0,1,1
MYS,1992,1,1,1,1,1,1,0,0,0,1,1
MYS,1993,1,1,1,1,1,1,0,0,0,1,1
MYS,1994,1,1,1,1,1,1,0,0,0,1,1
MYS,1995,1,1,1,1,1,1,0,0,0,1,1
MYS,1996,1,1,1,1,1,1,0,0,0,1,1
MYS,1997,1,1,1,1,1,1,0,0,0,1,1
MYS,1998,0,1,1,1,1,1,0,0,0,1,1
MYS,1999,1,1,1,1,1,1,0,0,0,1,1
MYS,2000,1,1,1,1,1,1,0,0,0,1,1
MYS,2001,0,1,1,1,1,1,0,0,0,1,1
MYS,2002,1,1,1,1,1,1,0,0,0,1,1
MYS,2003,1,1,1,1,1,1,0,0,0,1,1
MYS,2004,1,1,1,1,1,1,0,0,0,1,1
MYS,2005,1,1,0,1,1,1,0,0,0,1,1
MYS,2006,1,1,0,1,1,1,0,0,0,1,1
MYS,2007,1,1,0,1,1,1,0,0,0,0,1
MYS,2008,1,1,0,1,1,1,0,0,0,0,1
MYS,2009,1,1,0,1,1,1,0,0,0,1,1
MYS,2010,1,1,1,1,1,1,0,0,0,1,1
NAM,2003,1,1,0,0,1,1,1,1,1,1,0
NAM,2004,1,1,0,0,1,1,1,1,1,1,0
NAM,2005,0,1,0,0,1,1,1,1,0,1,0
NAM,2006,1,1,0,0,1,1,1,1,1,1,0
NAM,2007,1,1,0,0,1,1,0,1,1,1,0
NAM,2008,0,1,1,0,1,1,0,1,1,1,0
NAM,2009,1,1,1,0,1,1,0,1,1,1,0
NAM,2010,1,1,1,0,1,1,1,1,1,1,0
NER,1992,0,0,0,0,0,1,0,1,0,1,0
NER,1993,0,0,0,0,0,1,0,1,0,1,0
NER,1994,1,0,0,0,0,1,0,1,1,1,0
NER,1995,0,0,0,0,0,1,0,0,1,1,0
NER,1996,0,0,0,0,0,1,0,0,0,1,0
NER,1997,0,0,0,0,0,1,0,0,0,1,0
NER,1998,1,0,0,0,0,1,0,0,0,1,0
NER,1999,0,0,0,0,0,1,0,1,0,1,0
NER,2000,0,0,0,0,0,1,0,0,0,1,0
NER,2001,1,0,0,0,0,1,0,0,0,1,0
NER,2002,0,0,0,0,0,1,0,0,0,1,0
NER,2003,1,0,0,0,0,1,0,0,0,1,0
NER,2004,0,0,0,0,0,1,0,1,0,1,0
NER,2005,1,0,1,0,0,1,1,0,1,1,0
NER,2006,1,0,1,0,0,1,1,0,0,1,0
NER,2007,0,0,0,0,0,1,1,1,0,1,0
NER,2008,1,0,1,0,0,0,1,0,1,1,0
NIC,2000,0,0,1,0,0,1,0,0,1,1,0
NIC,2001,1,0,1,0,0,1,0,0,1,1,0
NIC,2002,0,0,1,0,0,1,0,0,1,1,0
NIC,2003,0,0,1,0,0,1,0,0,1,1,0
NIC,2004,1,0,1,0,0,1,0,0,1,1,0
NIC,2005,0,0,1,0,0,1,0,0,1,1,0
NIC,2006,0,0,1,0,0,1,0,0,1,1,0
NIC,2007,0,1,1,0,0,1,0,0,1,1,0
NIC,2008,0,1,1,0,0,1,0,0,1,1,0
NIC,2009,0,1,1,0,0,1,0,0,1,1,0
NLD,1970,1,1,1,1,1,0,0,1,0,1,1
NLD,1973,0,1,0,1,1,0,1,1,0,0,1
NLD,1974,0,1,0,1,1,0,1,1,0,0,1
NLD,1975,0,1,0,1,1,0,1,1,0,0,1
NLD,1976,0,1,0,1,1,0,1,1,0,0,1
NLD,1977,0,1,0,1,1,0,1,1,0,0,1
NLD,1978,0,1,0,1,0,0,1,1,0,0,1
NLD,1979,0,1,0,1,0,0,1,1,0,0,1
NLD,1980,0,1,0,1,1,0,1,1,0,0,1
NLD,1981,0,1,0,1,1,0,1,1,0,0,1
NLD,1982,0,1,0,1,1,0,1,1,0,0,1
NLD,1983,0,1,0,1,1,0,1,1,0,0,1
NLD,1984,0,1,0,1,1,0,1,1,0,0,1
NLD,1985,0,1,0,1,1,0,1,1,0,0,1
NLD,1986,0,1,1,1,1,0,1,1,0,0,1
NLD,1987,0,1,1,1,1,0,1,1,0,0,1
NLD,1988,0,1,1,1,1,0,1,1,0,0,1
NLD,1989,1,1,1,1,1,0,1,1,0,0,1
NLD,1990,1,1,1,1,1,0,1,1,0,0,1
NLD,1991,0,1,1,1,1,0,1,1,0,0,1
NLD,1992,0,1,1,1,1,0,1,1,0,0,1
NLD,1993,0,1,1,1,1,0,1,1,0,0,1
NLD,1994,0,1,0,1,1,0,1,1,0,0,1
NLD,1995,0,1,0,1,1,0,1,1,0,0,1
NLD,1996,0,1,1,1,1,0,1,1,0,0,1
NLD,1997,1,1,1,1,1,0,1,1,0,0,1
NLD,1998,1,1,1,1,1,0,1,1,0,0,1
NLD,1999,1,1,1,1,1,0,1,1,0,0,1
NLD,2000,1,1,1,1,1,0,1,1,0,0,1
NLD,2001,0,1,1,1,1,0,1,1,0,0,1
NLD,2002,0,1,0,1,1,0,1,1,1,0,1
NLD,2003,0,1,0,1,1,0,1,1,0,0,1
NLD,2004,0,1,0,1,1,0,1,1,0,0,1
NLD,2005,0,1,0,1,1,0,1,1,0,0,1
NLD,2006,0,1,0,1,1,0,1,1,0,0,1
NLD,2007,0,1,0,1,1,0,1,1,0,0,1
NLD,2008,0,1,0,1,1,0,1,1,0,0,1
NLD,2009,0,1,0,1,1,0,1,1,0,0,1
NLD,2010,0,1,0,1,1,0,1,1,0,0,1
NOR,1975,1,1,1,1,1,0,1,1,0,0,1
NOR,1976,1,1,1,1,1,0,1,1,0,0,1
NOR,1977,1,1,1,1,1,0,1,1,0,0,1
NOR,1978,0,1,1,1,1,0,1,1,0,0,1
NOR,1979,0,1,1,1,1,0,1,1,0,0,1
NOR,1980,1,1,1,1,1,0,1,1,0,0,1
NOR,1981,0,1,1,1,1,0,1,1,1,0,1
NOR,1982,0,1,1,1,1,0,1,1,1,0,1
NOR,1983,1,1,1,1,1,0,1,1,0,0,1
NOR,1984,1,1,1,1,1,0,1,1,0,0,1
NOR,1985,1,1,1,1,1,0,1,1,0,0,1
NOR,1986,1,1,1,1,1,0,1,1,1,0,1
NOR,1987,0,1,1,1,1,0,1,1,1,0,1
NOR,1988,0,1,1,1,1,0,1,1,0,0,1
NOR,1989,0,1,1,1,1,0,1,1,0,0,1
NOR,1990,0,1,1,1,1,0,1,1,0,0,1
NOR,1991,1,1,1,1,1,0,1,1,0,0,1
NOR,1992,1,1,0,1,1,0,1,1,0,0,1
NOR,1993,1,1,1,1,1,0,1,1,0,0,1
NOR,1994,1,1,1,1,1,0,1,1,0,0,1
NOR,1995,1,1,1,1,1,0,1,1,0,0,1
NOR,1996,1,1,1,1,1,0,1,1,0,0,1
NOR,1997,1,1,1,1,1,0,1,1,0,0,1
NOR,1998,0,1,1,1,1,0,1,1,0,0,1
NOR,1999,0,1,1,1,1,0,1,1,0,0,1
NOR,2000,0,1,0,1,1,0,1,1,0,0,1
NOR,2001,0,1,0,1,1,0,1,1,0,0,1
NOR,2002,0,0,0,1,1,0,1,1,0,0,1
NOR,2003,0,0,0,1,1,0,1,1,0,0,1
NOR,2004,0,0,0,1,1,0,1,1,0,0,1
NOR,2005,0,0,1,1,1,0,1,1,0,0,1
NOR,2006,0,0,1,1,1,0,1,1,0,0,1
NOR,2007,0,0,1,1,1,0,1,1,0,0,1
NOR,2008,0,0,1,1,1,0,1,1,0,0,1
NOR,2009,0,0,1,1,1,0,1,1,0,0,1
NOR,2010,0,0,1,1,1,0,1,1,0,0,1
NPL,1976,0,0,0,0,0,1,0,0,0,1,0
NPL,1977,0,0,0,0,0,1,0,0,0,1,0
NPL,1984,1,0,0,0,0,0,0,0,0,1,0
NPL,1995,0,0,1,0,1,1,0,0,0,1,0
NPL,1996,1,0,1,0,1,1,0,0,1,1,0
NPL,1997,1,0,1,0,1,1,0,0,0,1,0
NPL,1998,0,0,1,0,1,1,0,0,1,1,0
NPL,1999,1,0,0,0,1,1,0,0,1,1,0
NPL,2000,1,0,1,0,1,1,0,0,0,1,0
NPL,2001,1,0,0,0,1,1,0,0,0,1,0
NPL,2002,0,0,0,0,1,1,0,0,0,1,0
NPL,2003,1,0,0,0,1,1,0,0,1,1,0
NPL,2004,0,0,1,0,1,1,0,0,0,1,0
NPL,2005,0,0,1,0,1,1,0,0,1,1,0
NPL,2006,0,0,1,0,1,1,0,0,1,1,0
NPL,2007,0,0,1,0,1,1,0,0,1,1,0
NPL,2008,1,0,1,0,1,1,0,0,1,1,0
NPL,2009,1,0,1,0,1,0,0,0,1,1,0
NPL,2010,1,0,1,0,1,0,0,0,1,1,0
NZL,1978,0,1,0,1,0,0,1,1,1,0,1
NZL,1979,0,1,0,1,0,0,1,1,1,0,1
NZL,1980,0,1,0,1,0,0,1,1,1,0,1
NZL,1981,1,1,0,1,0,0,1,1,1,0,1
NZL,1982,0,1,1,1,0,0,1,1,1,0,1
NZL,1983,1,1,1,1,0,0,1,1,0,0,1
NZL,1984,1,1,1,1,0,0,1,1,0,0,1
NZL,1985,0,1,1,1,0,0,1,1,1,0,1
NZL,1986,0,0,1,1,0,0,1,1,1,0,1
NZL,1987,0,0,1,1,0,0,1,1,1,0,1
NZL,1988,0,0,0,1,0,0,1,1,0,0,1
NZL,1989,0,0,0,1,0,0,1,1,0,0,1
NZL,1990,0,0,0,1,0,0,1,1,0,0,1
NZL,1991,0,1,0,1,0,0,1,1,0,0,1
NZL,1992,0,1,0,1,0,0,1,1,0,0,1
NZL,1993,1,1,0,1,0,0,1,1,0,0,1
NZL,1994,1,0,1,1,0,0,1,1,0,0,1
NZL,1995,1,0,1,1,0,0,1,1,0,0,1
NZL,1996,0,0,1,1,0,0,1,1,0,0,1
NZL,1997,0,0,1,1,0,0,1,1,0,0,1
NZL,1998,0,0,0,1,0,0,1,1,0,0,1
NZL,1999,1,0,1,1,0,0,1,1,0,0,1
NZL,2000,0,0,0,1,0,0,1,1,0,0,1
NZL,2001,1,0,1,1,0,0,1,1,0,0,1
NZL,2002,1,0,1,1,0,0,1,1,0,0,1
NZL,2003,1,0,1,1,0,0,1,1,0,0,1
NZL,2004,0,0,1,1,0,0,1,1,0,0,1
NZL,2005,0,0,1,1,0,0,1,1,0,0,1
NZL,2006,0,0,1,1,0,0,1,1,0,0,1
NZL,2007,0,0,1,1,0,0,1,1,0,1,1
NZL,2008,0,0,0,1,0,0,1,1,0,1,1
NZL,2009,1,0,0,1,0,0,1,1,0,1,1
NZL,2010,0,0,0,1,0,0,1,1,0,1,1
PAK,1976,0,0,0,0,0,0,0,0,0,1,0
PAK,1977,1,0,0,0,1,0,0,0,0,1,0
PAK,1978,1,0,0,0,1,0,0,0,0,1,0
PAK,1979,0,0,0,0,1,0,0,0,0,1,0
PAK,1980,1,0,0,0,1,0,0,0,0,1,0
PAK,1981,1,0,0,0,1,0,0,0,0,1,0
PAK,1982,1,0,0,0,1,0,0,0,0,1,0
PAK,1983,1,0,0,0,1,1,0,0,0,1,0
PAK,1984,1,0,0,0,1,0,0,0,0,1,0
PAK,1985,1,0,0,0,1,0,0,0,0,1,0
PAK,1986,1,0,0,0,1,0,0,0,0,1,0
PAK,1987,1,0,0,0,1,0,0,0,0,1,0
PAK,1988,1,0,0,0,1,0,0,0,1,1,0
PAK,1989,1,0,0,0,1,0,0,1,1,1,0
PAK,1990,1,0,0,0,1,0,0,0,1,1,0
PAK,1991,1,0,0,0,1,0,0,0,1,1,0
PAK,1992,1,0,0,0,1,0,0,0,1,1,0
PAK,1993,0,0,0,0,0,0,0,0,1,1,0
PAK,1994,0,0,0,0,1,0,0,0,1,1,0
PAK,1995,1,0,0,0,0,0,0,0,1,1,0
PAK,1996,1,0,0,0,0,0,0,0,1,1,0
PAK,1997,0,0,0,0,0,0,0,0,1,1,0
PAK,1998,0,0,0,0,1,0,0,0,1,1,0
PAK,1999,1,0,0,0,0,0,0,0,1,1,0
PAK,2000,1,0,0,0,1,0,0,0,1,1,0
PAK,2001,0,0,0,0,1,0,0,0,0,1,0
PAK,2002,0,0,0,0,1,0,0,0,1,1,0
PAK,2003,1,0,0,0,1,0,0,0,0,1,0
PAK,2004,1,0,0,0,1,0,0,0,1,1,0
PAK,2005,1,0,0,0,1,0,0,0,1,1,0
PAK,2006,1,0,0,0,0,0,0,0,1,1,0
PAK,2007,0,0,0,0,0,0,0,0,1,1,0
PAK,2008,0,0,0,0,0,0,0,0,1,1,0
PAK,2009,1,0,0,0,0,0,0,0,1,1,0
PAK,2010,0,0,0,0,0,0,0,0,1,1,0
PAN,1980,0,1,0,0,1,1,1,1,0,1,0
PAN,1981,1,1,1,0,1,1,1,1,0,1,0
PAN,1982,1,1,1,1,1,1,1,1,0,1,0
PAN,1983,0,1,0,1,1,1,1,1,0,1,0
PAN,1984,0,1,0,1,0,1,1,1,0,1,0
PAN,1985,1,1,0,1,1,1,1,1,0,1,0
PAN,1986,1,1,0,1,1,1,1,1,0,1,0
PAN,1987,0,1,0,1,1,1,1,1,0,1,1
PAN,1988,0,1,0,1,0,1,1,1,0,1,0
PAN,1989,0,1,0,1,0,1,1,1,0,1,0
PAN,1990,1,1,0,1,1,1,0,1,0,1,0
PAN,1991,1,1,0,1,0,1,1,1,0,1,0
PAN,1992,1,1,1,1,1,1,1,0,0,1,1
PAN,1993,1,1,1,1,1,1,1,0,0,1,1
PAN,1994,0,1,1,1,1,1,1,0,0,1,1
PAN,1995,0,1,1,1,1,1,1,1,0,1,1
PAN,1996,0,1,1,1,1,1,1,0,0,1,1
PAN,1997,1,1,1,1,1,1,1,0,0,1,1
PAN,1998,1,1,1,1,1,1,1,0,0,1,1
PAN,1999,1,1,1,1,1,1,1,0,0,1,1
PAN,2000,0,1,1,1,1,1,1,0,0,1,1
PAN,2001,0,1,0,1,1,1,1,0,0,1,1
PAN,2002,0,1,0,1,0,1,1,0,0,1,1
PAN,2003,1,1,0,1,0,1,1,0,0,1,1
PAN,2004,1,1,0,1,0,1,1,0,0,1,1
PAN,2005,1,1,0,1,0,1,1,0,0,1,1
PAN,2006,1,1,0,1,1,1,1,0,0,1,1
PAN,2007,1,1,0,1,1,1,0,0,0,1,1
PAN,2008,1,1,1,0,1,1,0,0,1,1,1
PAN,2009,1,1,1,0,1,1,0,0,0,1,0
PAN,2010,1,1,1,0,1,1,0,0,1,1,0
PER,1981,1,0,1,0,1,1,0,0,1,1,0
PER,1982,0,0,1,0,1,1,0,0,1,1,0
PER,1984,0,0,0,0,1,1,0,0,1,1,0
PER,1985,0,0,0,0,1,1,0,0,1,1,0
PER,1986,1,0,0,1,1,1,0,0,1,1,0
PER,1987,1,0,0,1,1,1,0,0,1,1,0
PER,1988,0,0,1,1,1,1,0,0,1,1,0
PER,1989,0,0,0,1,1,1,1,0,1,1,0
PER,1990,0,0,0,1,0,1,0,0,1,1,0
PER,1991,0,0,0,1,0,1,0,0,1,1,0
PER,1992,0,0,0,1,0,1,0,0,1,1,0
PER,1993,1,0,0,1,0,1,0,0,1,1,0
PER,1994,1,0,0,0,0,1,0,0,1,1,0
PER,1995,1,0,1,1,0,1,0,0,1,1,0
PER,1996,0,0,0,0,0,1,0,0,1,1,0
PER,1997,1,0,0,0,0,1,0,0,1,1,0
PER,1998,0,0,0,0,0,1,0,0,1,1,0
PER,1999,0,0,0,1,0,1,0,0,1,1,0
PER,2000,0,0,0,1,0,1,0,0,1,1,0
PER,2001,0,0,0,1,0,1,1,0,0,1,0
PER,2002,1,0,0,1,0,1,1,0,0,1,0
PER,2003,1,0,0,1,0,1,0,0,0,1,0
PER,2004,0,0,0,1,0,1,0,0,1,1,0
PER,2005,1,0,0,1,0,1,0,0,0,1,0
PER,2006,1,0,0,1,1,1,0,0,0,1,0
PER,2007,1,0,0,1,1,1,0,0,0,1,0
PER,2008,1,0,1,0,1,1,0,0,0,1,0
PER,2009,1,0,0,0,1,1,0,0,0,1,0
PER,2010,1,0,1,0,1,1,0,0,0,1,0
PHL,1977,1,0,1,1,1,1,1,0,0,1,0
PHL,1978,1,0,1,0,1,1,0,0,0,1,0
PHL,1979,1,0,1,0,1,1,0,0,1,1,0
PHL,1983,0,0,1,0,1,1,0,0,1,1,0
PHL,1984,0,0,1,0,0,1,0,0,1,1,0
PHL,1985,0,0,0,0,0,1,0,0,1,1,0
PHL,1986,0,0,0,0,0,1,0,0,0,1,0
PHL,1987,1,1,0,1,0,1,0,0,0,1,0
PHL,1988,1,1,0,1,0,1,0,0,1,1,0
PHL,1989,1,1,1,1,0,1,0,0,1,1,0
PHL,1990,0,1,1,1,1,1,0,0,1,1,0
PHL,1991,0,1,0,1,1,1,0,0,1,1,0
PHL,1992,0,1,1,1,1,1,0,0,1,1,0
PHL,1993,0,1,1,0,1,1,0,0,0,1,0
PHL,1994,1,1,1,0,1,1,1,0,1,1,0
PHL,1995,1,1,1,0,1,1,0,0,0,1,0
PHL,1996,1,1,1,0,1,1,1,0,1,1,0
PHL,1997,1,1,1,0,1,1,1,0,0,1,0
PHL,1998,0,1,1,0,1,1,0,0,1,1,0
PHL,1999,0,1,0,0,1,1,0,0,1,1,0
PHL,2000,1,1,0,0,1,1,0,0,1,1,0
PHL,2001,0,1,0,0,1,1,0,0,1,1,0
PHL,2002,1,1,1,0,1,1,0,0,0,1,0
PHL,2003,1,1,1,0,1,1,0,0,0,1,0
PHL,2004,1,1,0,0,1,1,0,0,1,1,0
PHL,2005,1,1,0,0,1,1,0,0,1,1,0
PHL,2006,0,1,0,0,1,1,0,0,1,1,0
PHL,2007,1,1,0,0,1,1,0,0,0,1,0
PHL,2008,1,0,0,0,1,1,0,0,1,1,0
PHL,2009,1,0,0,0,1,1,0,0,1,1,0
PHL,2010,1,0,0,0,1,1,0,0,1,1,0
PNG,1995,0,1,0,0,1,1,1,1,1,1,0
PNG,1996,1,1,1,0,1,1,1,1,1,1,0
PNG,1997,0,1,0,0,1,1,1,1,0,1,0
PNG,1998,0,1,0,0,1,1,0,1,1,1,0
PNG,1999,0,1,0,0,1,1,0,1,1,1,0
PNG,2000,0,1,0,0,1,1,0,1,1,1,0
PNG,2001,0,1,1,0,1,1,0,1,1,1,0
PNG,2002,0,1,1,0,1,1,0,0,1,1,0
PNG,2003,0,1,0,0,1,1,0,0,1,1,0
PNG,2004,0,1,0,0,1,1,0,0,0,1,0
POL,1991,0,0,0,1,0,0,0,1,1,0,1
POL,1992,1,0,0,1,0,0,0,1,1,0,1
POL,1993,1,0,0,1,0,0,0,1,1,0,1
POL,1994,1,0,0,1,0,0,0,1,1,0,1
POL,1995,1,0,0,1,0,0,0,1,1,0,1
POL,1996,1,0,0,1,0,0,0,1,1,0,1
POL,1997,1,0,1,1,0,0,0,1,1,0,1
POL,1998,1,0,1,1,0,0,1,1,1,0,1
POL,1999,1,0,1,1,0,0,1,1,1,0,1
POL,2000,1,0,1,1,0,0,1,1,1,0,1
POL,2001,0,0,0,1,0,0,1,1,1,0,1
POL,2002,0,0,0,1,0,0,1,1,0,0,1
POL,2003,0,0,0,1,0,0,1,1,0,0,1
POL,2004,1,0,0,1,0,0,1,1,0,0,1
POL,2005,0,0,0,1,0,0,1,1,0,0,1
POL,2006,1,1,0,1,0,0,1,1,0,0,1
POL,2007,1,1,1,1,0,0,1,1,0,0,1
POL,2008,1,1,0,1,0,0,1,1,0,0,1
POL,2009,1,1,0,1,0,0,0,1,1,0,1
POL,2010,0,1,0,1,0,0,0,1,0,0,1
PRT,1973,1,1,1,0,1,0,0,0,1,1,0
PRT,1974,0,0,1,0,0,0,0,0,1,1,0
PRT,1976,1,0,0,0,0,0,1,0,1,0,0
PRT,1977,1,0,1,0,0,0,1,0,1,0,1
PRT,1978,0,0,1,0,1,0,0,0,1,1,0
PRT,1979,1,0,1,0,1,0,0,0,1,0,0
PRT,1980,1,0,1,0,1,0,0,0,1,0,0
PRT,1981,0,0,1,0,1,0,0,0,1,0,0
PRT,1982,1,0,1,0,1,0,0,0,1,0,0
PRT,1983,0,1,1,0,1,0,0,0,1,0,0
PRT,1984,0,1,1,0,1,0,0,0,1,0,1
PRT,1985,0,1,1,0,1,0,0,0,1,0,1
PRT,1986,1,1,1,0,1,0,1,0,1,0,1
PRT,1987,1,1,1,0,1,0,1,0,1,0,1
PRT,1988,1,1,1,0,1,0,1,0,1,0,1
PRT,1989,1,1,1,0,1,0,0,0,1,0,1
PRT,1990,1,1,1,0,1,0,1,0,1,0,1
PRT,1991,1,1,1,0,1,0,1,1,1,0,1
PRT,1992,0,1,1,0,1,0,1,1,1,0,1
PRT,1993,0,0,1,0,0,0,1,1,0,0,1
PRT,1994,0,0,1,0,0,0,1,1,0,0,1
PRT,1995,1,0,1,0,0,0,1,1,0,0,1
PRT,1996,0,0,1,0,0,0,1,1,0,0,1
PRT,1997,1,0,1,0,0,0,1,1,0,0,1
PRT,1998,1,0,1,0,0,0,1,1,0,0,1
PRT,1999,1,0,1,0,0,0,1,1,0,0,1
PRT,2000,0,0,1,0,0,0,1,1,0,0,1
PRT,2001,0,0,1,0,0,0,1,1,1,0,1
PRT,2002,0,0,1,0,0,0,1,1,1,0,1
PRT,2003,0,0,1,0,0,0,1,1,0,0,1
PRT,2004,0,0,1,0,0,0,1,1,0,0,1
PRT,2005,0,0,1,0,0,0,1,1,0,0,1
PRT,2006,0,0,0,0,0,0,1,1,0,0,1
PRT,2007,0,0,0,0,0,0,1,1,0,0,1
PRT,2008,0,0,0,0,0,0,1,1,0,0,1
PRT,2009,0,0,0,0,0,0,1,1,0,0,1
PRT,2010,0,0,0,0,0,0,1,1,0,0,1
PRY,1991,1,1,0,0,1,1,0,0,1,1,0
PRY,1992,0,1,0,0,1,1,0,0,1,1,0
PRY,1993,1,1,0,0,1,1,0,0,1,1,0
PRY,1994,1,1,1,0,1,1,1,0,1,1,0
PRY,1995,1,1,0,0,1,1,1,0,1,1,0
PRY,1996,0,1,1,0,1,1,1,0,1,1,0
PRY,1997,0,1,1,0,0,1,1,0,1,1,0
PRY,1998,0,1,0,0,1,1,1,0,1,1,0
PRY,1999,0,1,0,0,1,1,1,0,1,1,0
PRY,2000,0,1,0,0,0,1,1,0,1,1,0
PRY,2001,0,1,0,0,0,1,0,0,1,1,0
PRY,2002,0,1,0,0,1,1,0,0,1,1,0
PRY,2003,1,1,0,0,0,1,0,0,1,1,0
PRY,2004,0,1,0,0,0,1,1,0,1,1,0
PRY,2005,0,1,0,0,0,1,0,0,1,1,0
PRY,2006,0,1,0,0,0,1,0,0,1,1,0
PRY,2007,0,1,0,0,1,1,0,0,1,1,0
PRY,2008,1,1,0,0,0,1,0,0,1,1,0
PRY,2009,0,1,0,0,0,1,0,0,0,1,0
PRY,2010,1,1,0,0,0,1,1,0,1,1,0
QAT,2007,1,1,1,0,1,0,1,0,1,1,1
ROU,1992,0,1,1,1,1,0,0,0,1,0,0
ROU,1993,0,0,1,1,1,0,0,0,1,0,0
ROU,1994,1,0,1,1,1,0,0,0,1,0,0
ROU,1995,1,0,1,1,1,0,0,0,1,0,0
ROU,1996,0,0,1,1,1,0,0,0,1,0,0
ROU,1997,0,0,0,1,0,0,0,0,1,0,0
ROU,1998,0,0,0,1,0,0,0,0,1,0,0
ROU,1999,0,0,0,1,0,0,0,1,1,0,0
ROU,2000,0,0,0,1,0,0,0,1,1,0,0
ROU,2001,1,1,1,1,1,0,0,1,1,0,1
ROU,2002,1,1,1,1,1,0,0,0,1,0,1
ROU,2003,1,1,1,1,0,0,0,1,1,0,1
ROU,2004,1,1,1,1,0,0,0,1,1,0,1
ROU,2005,0,0,1,1,0,0,1,1,1,0,1
ROU,2006,1,0,1,1,0,0,1,1,1,0,1
ROU,2007,1,0,1,1,0,0,1,1,1,0,1
ROU,2008,1,0,1,1,1,0,1,1,0,0,1
ROU,2009,0,0,1,1,1,0,1,1,1,0,1
ROU,2010,0,0,1,1,1,0,1,0,1,0,0
RUS,1993,0,1,1,1,1,0,0,1,1,0,1
RUS,1994,0,0,1,1,1,1,0,1,1,0,1
RUS,1995,0,0,1,1,1,1,0,1,1,0,1
RUS,1996,0,0,1,1,1,1,0,1,1,0,1
RUS,1997,0,0,0,1,0,1,0,1,1,0,1
RUS,1998,0,0,0,1,0,1,0,1,1,0,1
RUS,1999,1,1,0,1,1,1,0,0,1,0,1
RUS,2000,1,0,0,1,1,1,0,1,1,0,1
RUS,2001,1,0,0,1,1,1,0,1,1,0,1
RUS,2002,1,0,0,1,1,1,0,1,1,0,1
RUS,2003,1,0,0,1,1,1,0,1,1,0,1
RUS,2004,1,0,0,1,1,1,0,1,1,0,1
RUS,2005,1,0,0,1,1,1,0,1,1,0,1
RUS,2006,1,0,0,1,1,1,1,1,1,0,1
RUS,2007,1,0,1,1,1,1,1,1,1,0,1
RUS,2008,1,0,0,1,1,1,1,1,1,0,1
RUS,2009,0,0,0,1,1,1,1,1,1,0,1
RUS,2010,1,0,0,1,1,1,1,1,1,0,1
RWA,1983,1,0,0,0,0,0,1,0,0,1,0
RWA,1984,0,0,0,0,0,0,1,0,0,1,0
RWA,1985,1,0,0,0,0,0,1,0,0,1,0
RWA,1986,1,0,0,0,0,0,1,0,0,1,0
RWA,1987,0,0,0,0,0,0,1,0,0,1,0
RWA,1988,1,0,0,0,0,0,1,0,0,1,0
RWA,1989,0,0,0,0,0,0,1,0,0,1,0
RWA,1990,0,0,0,0,0,0,1,0,0,1,0
RWA,1991,0,0,0,0,0,0,0,0,1,1,0
RWA,1992,1,0,0,0,0,0,0,0,1,1,0
RWA,1993,0,0,0,0,0,1,1,0,1,1,0
RWA,1996,1,0,0,0,0,1,0,0,1,1,0
RWA,1997,1,0,0,0,0,1,1,0,1,1,0
RWA,1998,1,0,0,0,0,1,1,0,1,1,0
RWA,1999,1,0,0,0,0,1,1,0,0,1,0
RWA,2000,1,0,0,0,0,1,1,0,1,1,0
RWA,2001,1,0,0,0,0,1,0,1,0,1,0
RWA,2002,1,0,0,0,0,1,0,0,0,1,0
RWA,2003,0,0,0,0,0,1,0,0,1,1,0
RWA,2004,1,0,0,0,0,1,0,0,1,1,0
RWA,2005,1,0,0,0,1,1,0,1,1,1,0
RWA,2006,1,0,0,0,0,1,0,1,1,1,0
RWA,2007,1,0,0,0,0,1,0,1,1,1,0
RWA,2008,1,0,0,0,1,1,0,0,1,1,0
RWA,2009,1,0,1,0,1,1,0,0,1,1,0
RWA,2010,1,0,1,0,0,1,0,0,0,1,0
SDN,2009,1,0,1,0,0,1,1,0,1,1,0
SEN,1991,0,0,0,0,0,1,0,1,0,1,0
SEN,1992,0,1,0,0,0,1,0,1,0,1,0
SEN,1993,0,0,0,0,0,1,0,1,0,1,0
SEN,1994,0,1,0,0,0,1,0,0,1,1,0
SEN,1995,1,0,0,0,0,1,0,0,0,1,0
SEN,1996,0,0,0,0,0,1,0,0,0,1,0
SEN,1997,0,0,0,0,0,1,0,0,0,1,0
SEN,1998,1,0,0,0,0,1,0,0,0,1,0
SEN,1999,1,0,0,0,0,1,0,0,0,1,0
SEN,2000,0,0,0,0,0,1,0,0,0,1,0
SEN,2001,1,0,0,0,0,1,0,0,0,1,0
SEN,2002,0,0,0,0,0,0,0,0,0,1,0
SEN,2003,1,0,1,0,0,1,1,0,0,1,0
SEN,2004,1,0,0,0,0,1,1,0,0,1,0
SEN,2005,1,0,1,0,0,1,0,0,0,1,0
SEN,2006,0,0,1,0,0,1,0,0,0,1,0
SEN,2007,0,0,1,0,0,1,0,0,1,1,0
SEN,2008,1,0,1,0,0,1,1,0,0,1,0
SEN,2009,1,0,1,0,0,1,0,0,0,1,0
SEN,2010,1,0,0,0,0,1,0,0,0,1,0
SGP,1972,1,1,1,0,1,1,0,0,0,1,0
SGP,1973,1,1,1,0,1,1,0,0,1,1,0
SGP,1974,1,1,1,0,1,1,0,0,1,1,0
SGP,1975,1,1,1,0,1,1,0,0,0,0,0
SGP,1976,1,1,1,0,1,1,0,0,0,0,1
SGP,1977,1,1,1,0,1,1,0,0,0,0,1
SGP,1978,1,1,1,0,1,1,0,0,0,0,0
SGP,1979,1,1,1,0,1,1,0,0,0,0,1
SGP,1980,1,1,1,0,1,1,0,0,0,0,1
SGP,1981,1,1,1,0,1,1,0,0,0,0,1
SGP,1982,1,1,1,0,1,1,0,0,0,0,1
SGP,1983,1,1,1,0,1,1,0,0,0,0,1
SGP,1984,1,1,1,0,1,1,0,0,0,0,1
SGP,1985,0,1,1,0,1,1,0,0,0,0,1
SGP,1986,0,1,1,0,1,0,0,0,0,0,1
SGP,1987,1,1,1,0,1,1,0,0,0,0,1
SGP,1988,1,1,1,0,1,1,0,0,0,0,1
SGP,1989,1,1,1,0,1,1,0,0,0,0,1
SGP,1990,1,1,1,0,1,1,0,0,0,0,1
SGP,1991,1,1,1,0,1,0,1,0,0,0,1
SGP,1992,1,1,1,0,1,1,1,0,0,0,1
SGP,1993,1,1,1,0,1,1,1,0,0,0,1
SGP,1994,1,1,1,0,1,0,1,0,0,0,1
SGP,1995,1,1,1,1,1,1,1,0,0,0,1
SGP,1996,1,1,1,1,1,1,1,0,0,0,1
SGP,1997,1,1,1,1,1,1,1,0,0,0,1
SGP,1998,0,1,1,1,1,0,1,0,0,0,1
SGP,1999,1,1,1,1,1,1,1,0,0,0,1
SGP,2001,0,1,1,1,1,1,1,0,0,0,1
SGP,2002,1,1,1,1,1,1,1,0,0,0,1
SGP,2003,1,1,0,1,1,1,1,0,0,0,1
SGP,2004,1,1,1,0,1,1,1,0,0,0,1
SGP,2005,1,1,0,1,1,1,0,0,0,0,1
SGP,2006,1,1,0,1,1,1,0,0,0,0,1
SGP,2007,1,1,0,1,1,1,0,0,0,0,1
SGP,2008,0,1,1,1,1,1,0,0,0,0,1
SGP,2009,1,1,1,1,1,1,0,0,0,0,1
SGP,2010,1,1,1,1,1,1,0,0,0,0,1
SLE,2007,1,0,0,0,0,1,0,0,1,1,0
SLE,2008,1,0,0,0,0,1,0,0,1,1,0
SLE,2009,1,0,0,0,0,1,0,0,1,1,0
SLE,2010,1,0,1,0,0,1,0,0,0,1,0
SLV,1977,1,1,0,0,1,1,0,0,1,1,0
SLV,1989,0,0,0,0,0,1,0,0,1,1,0
SLV,1990,1,0,0,0,0,1,0,0,1,1,0
SLV,1991,1,0,0,0,0,1,0,0,1,1,0
SLV,1992,1,0,0,0,0,1,0,0,1,1,0
SLV,1993,1,0,0,0,1,1,0,0,1,1,0
SLV,1994,1,0,0,0,1,1,0,0,1,1,0
SLV,1995,1,0,0,0,0,1,0,0,1,1,0
SLV,1996,0,0,0,0,0,1,0,0,1,1,0
SLV,1997,0,0,0,0,0,1,0,0,0,1,0
SLV,1998,0,0,0,0,0,1,0,0,0,1,0
SLV,1999,1,0,0,0,0,1,0,0,0,1,0
SLV,2000,0,0,0,0,0,1,0,0,0,1,0
SLV,2001,0,0,0,0,0,1,0,0,0,1,0
SLV,2002,0,0,0,0,0,1,1,0,0,1,0
SLV,2003,0,0,0,0,0,1,0,0,0,1,0
SLV,2004,0,0,0,0,0,1,0,0,1,1,0
SLV,2005,0,0,0,0,0,1,0,0,1,1,0
SLV,2006,0,0,0,0,0,1,0,0,0,1,0
SLV,2007,0,0,0,0,0,1,0,0,1,1,0
SLV,2008,0,0,0,0,0,1,0,0,0,1,0
SLV,2009,0,0,0,0,0,1,0,0,0,1,0
SLV,2010,0,0,0,0,0,1,0,0,0,1,0
SRB,2002,1,0,0,1,0,0,0,1,1,0,0
SRB,2003,1,0,1,1,0,0,0,1,1,0,1
SRB,2004,1,0,1,1,0,0,0,1,1,0,0
SRB,2005,1,0,1,1,0,0,0,1,1,0,1
SRB,2006,0,1,1,1,0,0,0,1,1,0,1
SRB,2007,0,1,1,1,0,0,0,1,1,0,0
SRB,2008,1,1,1,1,0,0,0,1,1,0,0
SRB,2009,0,1,0,1,0,0,0,1,1,0,0
SRB,2010,0,1,0,1,0,0,0,1,1,0,0
SVK,1994,1,1,1,1,1,0,0,1,1,0,1
SVK,1995,1,1,1,1,1,0,0,1,1,0,1
SVK,1996,1,1,1,1,1,0,0,1,0,0,1
SVK,1997,1,1,1,1,1,0,0,1,1,0,1
SVK,1998,1,1,1,1,1,0,0,1,1,0,1
SVK,1999,0,1,1,1,0,0,0,1,1,0,1
SVK,2000,0,1,1,1,0,0,0,1,1,0,1
SVK,2001,1,1,1,1,0,0,0,1,1,0,1
SVK,2002,1,1,1,1,0,0,0,1,1,0,1
SVK,2003,1,1,1,1,0,0,1,1,1,0,1
SVK,2004,1,1,1,1,0,0,1,1,1,0,1
SVK,2005,1,1,1,1,0,0,1,1,0,0,1
SVK,2006,1,1,1,1,0,0,1,1,1,0,1
SVK,2007,1,1,1,1,0,0,1,1,0,0,1
SVK,2008,1,1,1,1,0,0,1,1,0,0,1
SVK,2009,0,1,0,1,0,0,1,1,0,0,1
SVK,2010,1,1,1,1,0,0,1,1,0,0,1
SVN,1996,0,1,1,1,1,0,1,1,1,0,1
SVN,1997,1,1,1,1,1,0,1,1,1,0,1
SVN,1998,0,1,1,1,1,0,1,1,1,0,1
SVN,1999,1,1,1,1,1,0,1,1,1,0,1
SVN,2000,0,1,1,1,1,0,1,1,1,0,1
SVN,2001,1,1,1,1,1,0,1,1,1,0,1
SVN,2002,1,1,1,1,1,0,1,1,1,0,1
SVN,2003,0,1,1,1,1,0,1,1,1,0,1
SVN,2004,0,1,1,1,1,0,1,1,0,0,1
SVN,2005,0,1,1,1,1,0,1,1,0,0,1
SVN,2006,1,1,1,1,1,0,1,1,0,0,1
SVN,2007,1,1,1,1,1,0,1,1,0,0,1
SVN,2008,1,1,1,1,1,0,1,1,0,0,1
SVN,2009,0,1,1,1,0,0,1,1,0,0,1
SVN,2010,0,1,0,1,0,0,1,1,0,0,1
SWE,1970,1,1,1,1,1,0,1,1,1,0,1
SWE,1971,0,1,1,1,1,0,1,1,1,0,1
SWE,1972,0,1,1,1,1,0,1,1,1,0,1
SWE,1973,0,1,1,1,1,0,1,1,0,0,1
SWE,1974,0,1,1,1,1,0,1,1,0,0,1
SWE,1975,1,1,1,1,1,0,1,1,0,0,1
SWE,1976,0,1,1,1,1,0,1,1,1,0,1
SWE,1977,0,0,1,1,1,0,1,1,1,0,1
SWE,1978,0,1,0,1,1,0,1,1,1,0,1
SWE,1979,0,1,1,1,1,0,1,1,0,0,1
SWE,1980,0,0,0,1,1,0,1,1,0,0,1
SWE,1981,0,0,0,1,0,0,1,1,0,0,1
SWE,1982,0,1,0,1,0,0,1,1,0,0,1
SWE,1983,0,1,0,1,0,0,1,1,0,0,1
SWE,1984,0,1,1,1,1,0,1,1,0,0,1
SWE,1985,0,1,1,1,1,0,1,1,1,0,1
SWE,1986,0,1,1,1,1,0,1,1,0,0,1
SWE,1987,0,1,1,1,1,0,1,1,0,0,1
SWE,1988,0,1,1,1,1,0,1,1,0,0,1
SWE,1989,0,1,1,1,1,0,1,1,0,0,1
SWE,1990,0,0,1,1,1,0,1,1,1,0,1
SWE,1991,0,0,1,1,1,0,1,1,0,0,1
SWE,1992,0,0,1,1,0,0,1,1,0,0,1
SWE,1993,0,1,0,1,0,0,1,1,0,0,1
SWE,1994,1,1,0,1,0,0,1,1,0,0,1
SWE,1995,0,1,0,1,1,0,1,1,0,0,1
SWE,1996,0,0,0,1,1,0,1,1,0,0,1
SWE,1997,0,1,0,1,1,0,1,1,0,0,1
SWE,1998,1,1,0,1,1,0,1,1,0,0,1
SWE,1999,1,1,0,1,1,0,1,1,0,0,1
SWE,2000,1,1,1,1,1,0,1,1,0,0,1
SWE,2001,0,1,1,1,1,0,1,1,0,0,1
SWE,2002,0,1,1,1,1,0,1,1,0,0,1
SWE,2003,0,1,0,1,1,0,1,1,0,0,1
SWE,2004,0,1,0,1,1,0,1,1,0,0,1
SWE,2005,0,1,0,1,1,0,1,1,0,0,1
SWE,2006,0,1,0,1,1,0,1,1,0,0,1
SWE,2007,0,1,1,1,1,0,1,1,0,0,1
SWE,2008,0,1,0,1,1,0,1,1,0,0,1
SWE,2009,0,1,0,1,1,0,1,1,0,0,1
SWE,2010,1,1,1,1,1,0,1,1,0,1,1
SWZ,1994,0,1,0,0,0,1,0,1,1,1,0
SWZ,1995,1,1,0,0,0,1,0,1,1,1,0
SWZ,1996,0,1,1,0,0,1,0,1,0,1,0
SWZ,1997,0,1,1,0,1,1,0,1,1,1,0
SWZ,1998,0,1,1,0,0,1,0,1,1,1,0
SWZ,1999,0,1,1,0,0,1,0,1,1,1,0
SWZ,2000,0,1,1,0,1,1,0,1,1,1,0
SWZ,2001,0,1,1,0,1,1,1,1,1,1,0
SWZ,2002,0,1,1,0,1,1,1,1,1,1,0
SWZ,2003,0,1,1,0,1,1,0,0,1,1,0
SWZ,2004,0,1,0,0,1,1,1,0,0,1,0
SWZ,2005,0,1,1,0,1,1,1,0,1,1,0
SWZ,2006,0,1,0,0,0,1,1,0,1,1,0
SWZ,2007,0,1,0,0,1,1,1,0,1,1,0
SWZ,2008,0,1,0,0,0,1,1,0,1,1,0
SWZ,2009,1,1,0,0,0,1,0,0,1,1,0
SYR,1997,0,0,0,0,1,0,1,0,0,1,0
SYR,1998,1,0,0,0,1,0,1,0,0,1,0
SYR,1999,0,0,0,0,1,0,1,0,0,1,0
SYR,2000,0,0,0,0,1,0,1,0,0,1,0
SYR,2001,1,0,0,0,1,0,1,0,0,1,0
SYR,2002,1,0,0,0,1,0,1,0,0,1,0
SYR,2003,0,0,1,0,1,0,1,0,1,1,0
SYR,2004,1,1,0,0,0,0,0,0,1,1,0
SYR,2005,1,1,0,0,0,0,0,0,1,1,0
SYR,2006,0,1,0,0,1,0,1,0,1,1,0
SYR,2007,0,0,1,0,1,0,1,0,0,1,0
TGO,2005,0,1,0,0,0,0,0,0,1,1,0
TGO,2006,0,1,0,0,0,0,0,0,0,1,0
TGO,2007,0,1,0,0,0,1,0,0,0,1,0
TGO,2009,1,1,0,0,0,1,0,0,1,1,0
TGO,2010,0,1,0,0,0,1,0,0,0,1,0
THA,1975,1,0,1,0,1,1,0,0,0,1,0
THA,1976,1,0,0,0,1,1,0,0,0,1,0
THA,1981,1,0,1,0,1,1,0,0,0,1,0
THA,1982,1,0,1,0,1,1,0,0,0,1,0
THA,1984,1,0,1,0,1,1,0,0,0,0,0
THA,1986,1,0,1,0,1,1,0,0,0,0,0
THA,1987,1,1,1,0,1,1,0,0,0,0,0
THA,1988,1,1,1,0,1,1,0,0,0,0,0
THA,1989,1,1,1,0,1,1,0,0,0,0,0
THA,1990,1,1,1,0,1,1,0,0,0,0,0
THA,1991,1,1,1,0,1,1,0,0,0,0,0
THA,1992,1,1,1,0,1,1,0,0,0,0,0
THA,1993,1,1,1,0,1,1,0,0,0,0,0
THA,1994,1,1,1,0,1,1,0,0,0,0,0
THA,1995,1,1,1,0,1,1,0,0,0,0,1
THA,1996,1,1,1,0,1,1,0,0,0,0,1
THA,1997,0,1,1,0,1,1,0,0,1,0,1
THA,1998,0,1,0,0,1,1,0,0,1,0,0
THA,1999,1,1,0,0,1,1,0,0,0,0,1
THA,2000,1,1,0,0,1,1,0,0,0,0,1
THA,2001,1,1,1,0,1,1,0,0,0,0,0
THA,2002,1,1,1,0,1,1,0,0,0,0,0
THA,2003,1,1,1,0,1,1,0,0,0,0,1
THA,2004,1,1,1,0,1,1,0,0,0,0,0
THA,2005,0,1,1,0,1,1,0,0,1,0,0
THA,2006,0,1,1,0,1,1,0,0,1,0,1
THA,2007,0,1,1,0,1,1,0,0,0,0,0
THA,2008,0,1,1,0,1,1,0,0,0,0,0
THA,2009,1,1,0,0,1,1,0,0,0,0,0
THA,2010,1,1,1,0,1,1,0,0,1,0,0
TTO,1976,1,1,0,1,1,1,0,0,1,1,1
TTO,1981,1,1,1,1,1,1,0,0,1,1,1
TTO,1988,0,1,0,1,0,1,0,1,1,0,1
TTO,1989,0,1,0,1,0,1,0,1,1,0,1
TTO,1990,0,1,0,1,1,1,0,1,1,0,1
TTO,1991,1,1,0,1,1,1,0,1,0,0,1
TTO,1992,0,1,0,1,1,1,0,1,0,0,1
TTO,1993,0,1,0,1,0,1,0,1,1,0,1
TTO,1994,0,1,0,1,1,1,0,0,0,0,1
TTO,1995,0,1,0,1,1,1,0,1,0,0,1
TTO,1996,1,1,1,1,1,1,0,1,0,0,1
TTO,1997,1,1,1,1,1,1,0,1,0,0,1
TTO,1998,1,1,1,1,1,1,0,0,0,0,1
TTO,1999,1,1,0,1,1,1,0,0,1,0,1
TTO,2000,1,1,0,1,1,1,0,0,0,0,1
TTO,2001,1,1,1,1,1,1,1,0,1,0,1
TTO,2002,1,1,1,1,1,1,1,0,1,0,1
TTO,2003,1,1,1,1,1,1,0,0,1,0,1
TTO,2004,1,1,0,1,1,1,0,0,1,0,1
TTO,2005,1,1,1,1,1,1,0,0,1,0,1
TUN,1985,1,1,1,0,1,1,0,1,1,1,0
TUN,1986,0,1,1,0,1,1,0,1,1,1,0
TUN,1987,1,1,1,0,1,1,0,1,1,1,0
TUN,1988,0,1,0,0,1,1,0,1,0,1,0
TUN,1989,0,1,1,0,1,1,0,1,0,1,0
TUN,1990,1,1,1,0,1,1,0,1,0,1,0
TUN,1991,1,1,1,0,1,1,0,1,0,1,0
TUN,1992,1,1,1,0,1,1,0,1,0,1,0
TUN,1993,0,1,1,0,1,1,0,1,0,1,0
TUN,1994,0,1,1,0,1,1,0,1,0,1,0
TUN,1995,0,1,1,0,1,1,0,1,0,0,1
TUN,1996,1,1,1,0,1,1,0,1,0,0,1
TUN,1997,1,1,1,0,1,1,0,1,0,0,1
TUN,1998,1,1,1,0,1,1,0,1,0,0,1
TUN,1999,1,1,1,0,1,1,0,1,0,0,1
TUN,2000,1,1,1,0,1,1,0,1,0,0,1
TUN,2001,1,1,1,0,1,1,0,1,0,0,1
TUN,2002,0,1,1,0,1,1,0,1,0,0,1
TUN,2003,1,1,1,0,1,1,0,1,0,0,1
TUN,2004,1,1,1,0,1,1,0,1,1,0,1
TUN,2005,0,1,0,0,1,0,0,1,0,0,0
TUN,2006,0,1,1,0,1,0,0,1,1,0,0
TUN,2007,1,1,0,0,1,0,0,1,0,0,0
TUN,2008,1,1,1,0,1,1,0,0,0,1,0
TUN,2009,1,1,1,0,1,1,0,0,1,1,0
TUN,2010,0,1,1,0,1,1,0,0,1,1,0
TUR,1977,0,0,0,0,0,1,1,0,1,1,0
TUR,1978,0,0,0,0,0,1,1,0,1,1,0
TUR,1979,0,0,0,0,0,1,1,0,1,1,0
TUR,1980,0,0,0,0,0,1,1,0,1,1,0
TUR,1981,1,0,0,0,1,1,1,0,1,1,0
TUR,1982,1,0,0,0,1,1,1,0,1,1,0
TUR,1983,1,0,0,0,0,1,1,0,1,1,0
TUR,1984,1,0,0,0,0,1,1,0,1,1,0
TUR,1986,1,0,0,0,1,1,1,0,1,1,1
TUR,1987,1,0,1,0,1,1,1,0,1,1,1
TUR,1988,0,0,1,0,1,1,1,0,1,1,1
TUR,1989,0,0,0,0,1,1,1,0,1,1,1
TUR,1990,1,0,1,0,1,1,1,0,1,1,1
TUR,1991,0,0,1,0,1,1,1,0,1,0,1
TUR,1992,1,0,1,0,1,1,1,0,1,0,1
TUR,1993,1,0,1,0,1,1,1,0,1,0,1
TUR,1994,0,0,0,0,1,1,1,0,1,1,1
TUR,1995,1,0,1,0,1,1,1,0,1,1,1
TUR,1996,1,0,1,0,1,1,1,0,1,1,1
TUR,1997,1,0,1,0,1,1,1,0,1,1,1
TUR,1998,0,0,0,0,1,1,1,0,1,1,1
TUR,1999,0,0,0,0,1,1,1,0,1,1,1
TUR,2000,1,0,0,0,0,1,1,0,1,1,1
TUR,2001,0,0,0,0,0,1,0,0,1,1,1
TUR,2002,1,0,0,0,0,1,1,0,1,1,1
TUR,2003,1,0,0,0,0,1,1,0,1,1,1
TUR,2004,1,0,0,0,0,1,1,0,1,1,1
TUR,2005,1,0,0,0,0,1,1,0,1,1,1
TUR,2006,1,0,0,0,0,1,1,0,1,1,1
TUR,2007,0,0,0,0,0,1,1,0,1,1,1
TUR,2008,0,0,0,0,0,1,1,0,1,1,1
TUR,2009,0,0,0,0,0,1,1,0,1,1,1
TUR,2010,1,0,0,0,0,1,1,0,1,1,1
TZA,1991,0,0,1,0,1,1,0,1,1,1,0
TZA,1992,0,0,1,0,1,1,0,1,1,1,0
TZA,1993,0,1,1,0,1,1,0,1,1,1,0
TZA,1994,0,0,1,0,0,0,0,1,1,1,0
TZA,1995,0,0,1,0,0,0,0,0,1,1,0
TZA,1996,1,0,0,0,0,0,0,0,1,1,0
TZA,1997,0,0,0,0,0,0,0,0,1,1,0
TZA,1998,0,0,0,0,0,0,1,0,1,1,0
TZA,1999,1,0,0,0,0,0,0,0,1,1,0
TZA,2000,1,0,0,0,0,0,0,0,1,1,0
TZA,2001,1,0,0,0,0,1,0,0,1,1,0
TZA,2002,1,0,0,0,0,1,0,0,1,1,0
TZA,2003,1,0,0,0,0,1,0,0,1,1,0
TZA,2004,1,0,0,0,0,1,0,1,1,1,0
TZA,2005,1,0,0,0,0,1,0,1,1,1,0
TZA,2006,0,0,1,0,1,1,0,1,1,1,0
TZA,2007,1,0,1,0,1,1,0,1,1,1,0
TZA,2008,1,0,1,0,1,1,0,0,1,1,0
TZA,2009,1,0,1,0,1,1,0,1,1,1,0
TZA,2010,1,0,1,0,1,1,0,0,1,1,0
UGA,1994,1,0,0,0,0,1,1,0,1,1,0
UGA,1995,1,0,0,0,0,0,1,0,0,1,0
UGA,1996,1,0,1,0,0,1,1,0,1,1,0
UGA,1997,1,0,0,0,0,1,1,0,1,1,0
UGA,1998,1,0,0,0,0,1,1,0,0,1,0
UGA,1999,1,0,1,0,0,1,1,0,1,1,0
UGA,2000,0,0,1,0,0,1,1,0,0,1,0
UGA,2001,1,0,1,0,0,1,1,0,0,1,0
UGA,2002,1,0,1,0,1,1,1,1,0,1,0
UGA,2003,1,0,1,0,1,1,1,0,1,1,0
UGA,2004,1,0,1,0,1,1,1,0,1,1,0
UGA,2005,1,0,1,0,1,1,0,0,1,1,0
UGA,2006,1,0,1,0,1,1,0,0,1,1,0
UGA,2007,1,0,1,0,1,1,0,0,1,1,0
UGA,2008,1,0,0,0,1,1,0,0,1,1,0
UGA,2009,1,0,1,0,1,1,0,0,1,1,0
UGA,2010,1,0,1,0,0,1,0,0,1,1,0
UKR,1993,0,0,1,1,1,0,0,1,1,0,0
UKR,1994,0,1,1,1,1,0,0,1,1,0,0
UKR,1995,0,1,1,1,1,1,0,1,1,0,0
UKR,1996,0,1,1,1,1,1,0,1,1,0,0
UKR,1997,0,1,0,1,1,0,0,1,1,0,0
UKR,1998,0,1,0,1,1,0,0,1,1,0,0
UKR,1999,0,1,0,1,1,0,0,1,1,0,0
UKR,2000,1,1,0,1,1,0,0,1,1,0,0
UKR,2001,1,1,0,1,1,0,0,1,1,0,0
UKR,2002,1,1,0,1,1,0,0,1,0,0,0
UKR,2003,1,1,1,1,1,0,0,1,1,0,0
UKR,2004,1,1,0,1,1,0,0,1,1,0,0
UKR,2005,0,1,1,1,1,0,0,1,1,0,0
UKR,2006,1,1,1,1,1,0,0,1,1,0,0
UKR,2007,1,1,1,1,1,0,0,1,1,0,0
UKR,2008,0,1,1,1,1,0,0,1,1,0,0
UKR,2009,0,1,0,1,0,0,1,1,1,0,0
UKR,2010,1,1,0,1,0,0,1,1,1,0,0
URY,1978,1,0,0,1,1,1,0,0,1,1,0
URY,1979,1,0,0,1,0,1,0,0,1,0,0
URY,1980,1,0,0,0,0,1,0,0,1,1,0
URY,1981,0,0,0,1,0,1,1,0,1,1,0
URY,1982,0,0,0,1,0,1,1,0,1,1,0
URY,1983,0,0,0,1,0,1,0,0,1,1,0
URY,1984,0,0,0,1,0,1,0,0,1,0,0
URY,1985,0,0,0,1,0,1,0,0,1,0,0
URY,1986,1,0,0,1,0,1,0,0,1,0,1
URY,1987,1,0,0,1,0,1,0,0,1,0,1
URY,1988,0,0,0,1,0,1,0,0,1,0,1
URY,1989,0,0,0,1,0,1,0,0,1,0,1
URY,1990,0,0,0,1,0,1,0,0,1,0,1
URY,1991,1,0,0,1,0,1,0,0,1,0,1
URY,1992,1,0,0,1,0,1,1,0,1,0,1
URY,1993,1,0,0,0,0,1,1,0,1,0,1
URY,1994,1,0,0,0,0,1,1,0,1,0,1
URY,1995,0,0,0,0,0,1,1,0,1,0,1
URY,1996,1,0,0,0,0,1,1,0,1,0,1
URY,1997,1,0,0,0,0,1,1,0,1,0,1
URY,1998,1,0,0,0,0,1,1,0,1,0,1
URY,1999,0,0,0,0,0,1,1,0,1,0,1
URY,2000,0,0,0,0,0,1,1,0,1,0,1
URY,2001,0,0,0,0,0,1,1,0,1,0,1
URY,2002,0,0,0,0,0,1,0,0,1,0,1
URY,2003,0,0,0,0,0,1,0,0,1,0,1
URY,2004,1,0,0,0,0,1,0,0,1,1,1
URY,2005,1,0,0,0,0,1,0,0,1,0,1
URY,2006,0,0,0,0,0,1,0,0,1,0,1
URY,2007,1,0,0,0,0,1,0,0,1,1,1
URY,2008,1,0,0,0,0,1,0,0,1,1,1
URY,2009,1,0,0,0,1,1,0,0,1,1,1
URY,2010,1,0,0,0,0,1,0,0,1,1,1
USA,1970,0,0,0,1,0,1,1,1,1,1,1
USA,1971,0,0,0,1,1,0,1,1,0,0,1
USA,1972,0,0,0,1,0,1,1,1,0,0,1
USA,1973,0,0,0,1,1,1,1,1,0,0,1
USA,1974,0,0,0,1,0,1,1,1,0,0,1
USA,1975,0,0,0,1,0,0,1,1,0,0,1
USA,1976,1,0,0,1,0,0,1,1,0,0,1
USA,1977,1,0,0,1,0,0,1,1,0,0,1
USA,1978,1,0,1,1,0,1,1,0,0,0,1
USA,1979,0,0,0,1,0,0,1,0,1,0,1
USA,1980,0,0,0,1,0,0,1,0,0,0,1
USA,1981,0,0,0,1,0,0,1,1,0,0,1
USA,1982,0,0,0,1,0,0,1,1,0,0,1
USA,1983,1,0,0,1,0,1,1,1,0,0,1
USA,1984,1,0,1,1,1,0,1,1,0,0,1
USA,1985,1,0,1,1,0,1,1,0,0,0,1
USA,1986,0,0,1,1,0,0,1,1,0,0,1
USA,1987,0,0,1,1,0,0,1,1,0,0,1
USA,1988,1,0,0,1,0,0,1,1,0,0,1
USA,1989,0,0,0,1,0,0,1,0,0,0,1
USA,1990,0,0,0,1,0,0,1,1,0,0,1
USA,1991,0,0,0,1,0,0,1,0,0,0,1
USA,1992,1,0,0,1,0,0,1,1,0,0,1
USA,1993,1,0,0,1,0,0,1,1,0,0,1
USA,1994,1,0,0,1,0,0,1,1,0,0,1
USA,1995,0,0,0,1,0,0,1,1,0,0,1
USA,1996,0,0,0,1,0,0,1,1,0,0,1
USA,1997,1,0,1,1,0,0,1,0,0,0,1
USA,1998,1,0,1,1,0,0,1,0,0,0,1
USA,1999,1,0,1,1,0,0,1,0,0,0,1
USA,2000,0,0,1,1,0,1,1,0,0,0,1
USA,2001,0,0,0,1,0,0,1,0,0,0,1
USA,2002,0,0,1,1,0,1,1,0,0,0,1
USA,2003,0,0,0,1,0,0,1,0,0,0,1
USA,2004,0,0,1,1,0,0,1,0,0,0,1
USA,2005,0,0,1,1,0,1,1,0,0,0,1
USA,2006,0,0,0,1,0,1,1,0,0,0,1
USA,2007,0,0,0,1,0,1,1,0,0,1,1
USA,2008,0,0,0,1,0,1,1,0,0,1,1
USA,2009,0,0,0,1,0,1,1,0,0,0,1
USA,2010,0,0,0,1,0,1,1,0,0,0,1
VEN,2009,0,0,1,0,1,0,1,0,1,1,1
VEN,2010,0,0,0,0,1,1,1,0,1,1,1
VNM,1996,1,1,1,0,1,0,0,0,0,0,0
VNM,1997,1,1,1,0,1,0,0,0,0,0,0
VNM,1998,1,1,1,0,1,0,0,0,1,0,0
VNM,1999,1,1,1,0,1,0,0,0,1,0,0
VNM,2000,1,1,1,0,1,0,0,0,0,0,0
VNM,2001,1,1,1,0,1,0,0,0,0,0,0
VNM,2002,1,1,1,0,1,0,0,0,1,0,0
VNM,2003,1,1,1,0,1,0,0,0,0,0,0
VNM,2004,1,1,1,0,1,0,0,0,1,0,0
VNM,2005,1,1,1,0,1,1,0,0,1,0,0
VNM,2006,1,1,1,0,1,1,0,0,1,0,0
VNM,2007,1,1,1,0,1,1,0,0,1,0,0
VNM,2008,1,1,1,0,1,1,0,0,1,0,0
VNM,2009,1,1,1,0,1,1,0,0,1,0,0
VNM,2010,1,1,1,0,1,1,0,0,1,0,0
ZAF,1965,1,1,1,0,0,1,0,0,1,1,0
ZAF,1968,0,1,1,0,1,1,0,0,0,1,0
ZAF,1970,0,1,0,0,0,1,1,0,0,1,0
ZAF,1972,0,1,0,0,1,1,0,0,1,1,0
ZAF,1973,0,1,0,0,1,1,1,0,0,1,0
ZAF,1974,1,1,1,0,1,1,1,0,0,1,0
ZAF,1975,0,1,1,0,1,1,1,0,1,1,0
ZAF,1976,0,1,1,0,0,1,1,0,1,1,0
ZAF,1977,0,1,1,0,1,1,1,0,0,1,0
ZAF,1978,0,1,1,0,1,1,0,0,1,1,0
ZAF,1979,0,1,1,0,1,1,1,0,1,1,0
ZAF,1980,1,1,1,0,1,1,1,0,0,1,0
ZAF,1981,1,1,1,0,1,1,1,0,1,1,0
ZAF,1982,0,0,1,0,0,1,1,0,1,1,0
ZAF,1983,0,0,1,0,1,1,1,1,1,1,0
ZAF,1984,1,0,1,0,0,1,1,1,1,1,1
ZAF,1985,0,0,0,0,1,1,0,1,1,1,1
ZAF,1986,0,0,0,0,0,1,1,1,1,1,1
ZAF,1987,0,0,0,0,0,1,1,1,1,1,1
ZAF,1988,0,0,0,0,0,1,1,1,1,1,1
ZAF,1989,0,0,0,0,0,1,1,1,1,1,1
ZAF,1990,0,0,0,0,0,1,1,1,1,1,1
ZAF,1991,0,0,0,0,0,1,1,1,1,1,1
ZAF,1992,0,0,0,1,0,1,1,1,1,1,1
ZAF,1993,0,0,0,1,0,1,1,1,1,1,1
ZAF,1994,0,0,0,1,0,1,1,1,1,1,1
ZAF,1995,0,0,0,1,0,1,1,1,0,1,1
ZAF,1996,1,0,0,0,0,1,1,1,1,1,1
ZAF,1997,0,0,0,0,0,1,1,1,1,1,1
ZAF,1998,0,0,0,0,0,1,1,1,1,1,1
ZAF,1999,0,0,0,0,0,1,1,1,1,1,1
ZAF,2000,1,0,0,0,0,1,1,1,1,1,1
ZAF,2001,0,0,0,0,0,1,0,1,1,1,1
ZAF,2002,1,0,0,0,0,1,0,1,1,1,1
ZAF,2003,0,0,0,0,0,1,1,1,1,1,1
ZAF,2004,0,0,0,0,0,1,1,1,0,1,1
ZAF,2005,1,0,0,1,0,1,1,1,0,1,1
ZAF,2006,1,0,0,1,0,1,1,1,1,1,1
ZAF,2007,0,0,0,0,0,1,0,1,1,1,1
ZAF,2008,1,0,0,0,0,1,0,1,1,1,0
ZAF,2009,1,0,0,0,0,1,0,1,1,1,0
ZAF,2010,0,0,0,0,0,1,0,1,1,1,0
ZMB,1991,0,1,0,0,0,1,1,1,1,1,0
ZMB,1992,0,1,0,0,0,1,1,0,1,1,0
ZMB,1993,1,1,0,0,0,1,1,1,1,1,0
ZMB,2010,1,0,1,0,1,1,1,0,1,1,0
